ID_SAEB,ID_REGIAO,ID_UF,ID_MUNICIPIO,ID_AREA,ID_ESCOLA,IN_PUBLICA,ID_LOCALIZACAO,ID_TURMA,ID_SERIE,ID_ALUNO,IN_SITUACAO_CENSO,IN_PREENCHIMENTO_LP,IN_PREENCHIMENTO_MT,IN_PRESENCA_LP,IN_PRESENCA_MT,ID_CADERNO_LP,ID_BLOCO_1_LP,ID_BLOCO_2_LP,ID_CADERNO_MT,ID_BLOCO_1_MT,ID_BLOCO_2_MT,TX_RESP_BLOCO1_LP,TX_RESP_BLOCO2_LP,TX_RESP_BLOCO1_MT,TX_RESP_BLOCO2_MT,IN_PROFICIENCIA_LP,IN_PROFICIENCIA_MT,IN_AMOSTRA,ESTRATO,PESO_ALUNO_LP,PROFICIENCIA_LP,ERRO_PADRAO_LP,PROFICIENCIA_LP_SAEB,ERRO_PADRAO_LP_SAEB,PESO_ALUNO_MT,PROFICIENCIA_MT,ERRO_PADRAO_MT,PROFICIENCIA_MT_SAEB,ERRO_PADRAO_MT_SAEB,IN_PREENCHIMENTO_QUESTIONARIO,IN_INSE,INSE_ALUNO,NU_TIPO_NIVEL_INSE,PESO_ALUNO_INSE,TX_RESP_Q01,TX_RESP_Q02,TX_RESP_Q03,TX_RESP_Q04,TX_RESP_Q05a,TX_RESP_Q05b,TX_RESP_Q05c,TX_RESP_Q06,TX_RESP_Q07a,TX_RESP_Q07b,TX_RESP_Q07c,TX_RESP_Q07d,TX_RESP_Q07e,TX_RESP_Q08,TX_RESP_Q09,TX_RESP_Q10a,TX_RESP_Q10b,TX_RESP_Q10c,TX_RESP_Q10d,TX_RESP_Q10e,TX_RESP_Q10f,TX_RESP_Q11a,TX_RESP_Q11b,TX_RESP_Q11c,TX_RESP_Q12a,TX_RESP_Q12b,TX_RESP_Q12c,TX_RESP_Q12d,TX_RESP_Q12e,TX_RESP_Q12f,TX_RESP_Q12g,TX_RESP_Q13a,TX_RESP_Q13b,TX_RESP_Q13c,TX_RESP_Q13d,TX_RESP_Q13e,TX_RESP_Q13f,TX_RESP_Q13g,TX_RESP_Q13h,TX_RESP_Q13i,TX_RESP_Q14,TX_RESP_Q15a,TX_RESP_Q15b,TX_RESP_Q16,TX_RESP_Q17,TX_RESP_Q18,TX_RESP_Q19,TX_RESP_Q20,TX_RESP_Q21a,TX_RESP_Q21b,TX_RESP_Q21c,TX_RESP_Q21d,TX_RESP_Q21e,TX_RESP_Q22a,TX_RESP_Q22b,TX_RESP_Q22c,TX_RESP_Q22d,TX_RESP_Q22e,TX_RESP_Q22f,TX_RESP_Q22g,TX_RESP_Q22h,TX_RESP_Q23a,TX_RESP_Q23b,TX_RESP_Q23c,TX_RESP_Q23d,TX_RESP_Q23e,TX_RESP_Q23f,TX_RESP_Q23g,TX_RESP_Q23h,TX_RESP_Q23i,TX_RESP_Q24,TX_RESP_Q25
2023,3,31,6324415,2,61432986,1,1,1486523,12,52279324,1,1,1,1,1,7,7,1,7,7,1,CECAABCBAABEB,BEEBAABDCCACB,BAAEBCDBCDDBB,EADAEBACAABBA,1,1,0,63244152112,1.200000000000000,-0.371968,0.403658,229.492022,22.238877,1.200000000000000,-0.392268,0.70881,228.039609,39.617041,1,1,5.59,6,1.2631578947,B,D,A,A,A,A,A,B,B,B,A,A,B,D,D,C,C,C,C,C,C,B,B,B,B,A,D,C,B,B,D,B,B,B,B,B,B,B,B,B,A,A,A,B,B,A,A,A,C,C,D,D,D,A,A,C,C,C,B,C,B,A,A,A,A,A,A,A,A,A,C,A
2023,3,31,6324415,2,61432986,1,1,1486523,12,52279325,1,1,1,1,1,12,5,7,12,5,7,EBDDACCBCDDCA,BEDCCBCDCEABD,EEDEAAACDCCDC,BDBDECCACEABD,1,1,0,63244152112,1.200000000000000,-0.38135,0.532861,228.975136,29.357104,1.200000000000000,0.752575,0.458132,292.02755,25.606064,1,1,5.67,6,1.2631578947,A,C,A,A,A,A,A,C,B,B,A,A,B,E,E,A,B,C,C,C,C,B,B,B,B,B,D,C,C,B,D,B,B,B,B,B,A,B,A,B,A,A,A,A,A,C,A,A,B,A,C,D,D,A,B,C,B,B,B,A,C,B,B,B,B,D,C,B,B,B,C,A
2023,3,31,6324415,2,61432986,1,1,1486523,12,52279326,1,0,0,0,0,4,4,5,4,4,5,.............,.............,.............,.............,0,0,0,63244152112,,,,,,,,,,,0,0,,1,,.,.,.,.,.,.,.,.,.,.,.,.,.,.,.,.,.,.,.,.,.,.,.,.,.,.,.,.,.,.,.,.,.,.,.,.,.,.,.,.,.,.,.,.,.,.,.,.,.,.,.,.,.,.,.,.,.,.,.,.,.,.,.,.,.,.,.,.,.,.,.,.
2023,3,31,6324415,2,61432986,1,1,1486523,12,52279327,1,1,1,1,1,18,4,7,18,4,7,EDCBACDBAECDB,ECBEADDACEBDA,ACDEDBADDEBCA,BAECCDACDEBBC,1,1,0,63244152112,1.200000000000000,-1.681561,0.593859,157.34214,32.717689,1.200000000000000,-0.698301,0.807761,210.934713,45.147643,1,1,5.13,5,1.2631578947,A,B,A,A,A,A,A,C,B,B,.,.,B,C,C,B,B,C,B,C,A,B,B,B,B,A,C,B,C,B,D,B,B,B,B,B,A,B,B,B,A,B,.,D,A,C,A,A,A,A,B,D,C,B,C,C,C,C,B,B,A,B,C,B,B,C,C,B,.,.,C,A
2023,3,31,6324415,2,61432986,1,1,1486523,12,52279328,1,1,1,1,1,21,7,3,21,7,3,DEAAAEBCBADEB,AEEECEDCDABEE,CCACCCACADDAE,CDBADABACCECA,1,1,0,63244152112,1.200000000000000,-0.470888,0.459226,224.042187,25.300305,1.200000000000000,-0.756325,0.682831,207.691616,38.165014,1,1,4.15,3,1.2631578947,A,E,A,B,A,A,A,D,B,B,A,A,B,A,C,B,B,C,C,C,B,B,B,B,B,A,C,B,B,A,D,B,B,B,A,A,A,B,A,B,A,A,A,B,C,A,B,A,C,C,C,D,D,A,A,A,A,B,A,A,A,A,A,B,A,A,B,B,A,A,C,A
2023,3,31,6324415,2,61432986,1,1,1486523,12,52279329,1,0,0,0,0,20,6,2,20,6,2,.............,.............,.............,.............,0,0,0,63244152112,,,,,,,,,,,0,0,,1,,.,.,.,.,.,.,.,.,.,.,.,.,.,.,.,.,.,.,.,.,.,.,.,.,.,.,.,.,.,.,.,.,.,.,.,.,.,.,.,.,.,.,.,.,.,.,.,.,.,.,.,.,.,.,.,.,.,.,.,.,.,.,.,.,.,.,.,.,.,.,.,.
2023,3,31,6324415,2,61432986,1,1,1486523,12,52279330,1,0,0,0,0,11,4,6,11,4,6,.............,.............,.............,.............,0,0,0,63244152112,,,,,,,,,,,0,0,,1,,.,.,.,.,.,.,.,.,.,.,.,.,.,.,.,.,.,.,.,.,.,.,.,.,.,.,.,.,.,.,.,.,.,.,.,.,.,.,.,.,.,.,.,.,.,.,.,.,.,.,.,.,.,.,.,.,.,.,.,.,.,.,.,.,.,.,.,.,.,.,.,.
2023,3,31,6324415,2,61432986,1,1,1486523,12,52279407,1,1,1,1,1,13,6,1,13,6,1,ECCADBBBDBEBA,AEDCCABDCAABC,BBCDDCDDAAEBD,DAAEABACCCABB,1,1,0,63244152112,1.200000000000000,0.379005,0.340444,270.86565,18.756205,1.200000000000000,-0.587981,0.653176,217.100754,36.507527,1,1,4.7,4,1.2631578947,B,B,A,A,A,A,A,A,B,A,A,A,A,B,B,B,C,C,B,B,C,B,B,B,B,B,D,B,C,A,C,B,B,B,B,B,A,A,B,B,A,A,A,F,B,A,A,A,C,B,D,A,D,B,C,D,D,D,C,C,C,B,D,B,B,B,B,A,B,B,C,A
2023,3,31,6324415,2,61432986,1,1,1486523,12,52279408,1,1,1,1,1,10,3,5,10,3,5,BBAEBADBCACAD,BEBCADCAADCAC,CADACECAAADAC,DBDBAEABAEEBD,1,1,0,63244152112,1.200000000000000,-0.846679,0.547458,203.338597,30.161302,1.200000000000000,0.054703,0.756835,253.021859,42.30127,1,1,4.11,3,1.2631578947,A,C,A,C,A,A,A,C,.,.,.,.,B,B,C,A,B,C,B,C,A,B,B,B,C,A,C,B,B,A,C,A,B,A,A,A,A,B,B,B,A,A,A,A,B,A,A,A,B,A,C,D,A,B,C,C,A,B,B,C,A,B,B,A,C,A,C,A,B,A,D,A
2023,3,31,6324415,2,61432986,1,1,1486523,12,52279409,1,1,1,1,1,12,5,7,12,5,7,ABAABBAABCAAB,BACBADBCABCEC,BCDBBDABACDCC,CDEBBCCBCDBC*,1,1,0,63244152112,1.151515151500000,-1.491382,0.595271,167.81974,32.795481,1.151515151500000,0.825182,0.641781,296.085724,35.870634,1,1,3.53,2,1.4074074074,B,C,A,.,A,A,A,C,B,B,A,A,A,A,A,A,C,B,B,B,C,B,B,B,B,A,C,B,B,A,D,A,B,A,B,A,A,A,B,A,B,A,A,A,B,A,A,A,B,B,C,C,D,B,C,B,C,C,C,B,C,B,C,C,B,C,B,B,B,B,B,B
2023,3,31,6324415,2,61432986,1,1,1486523,12,52279410,1,1,1,1,1,13,6,1,13,6,1,EACBEBABDCACA,BEDCCDCADAEBD,DACEACABABABC,ACECEBCCCBAAE,1,1,0,63244152112,1.151515151500000,0.151864,0.388259,258.351688,21.390494,1.151515151500000,-0.20111,0.574058,238.723875,32.085438,1,0,,1,,B,C,A,A,B,.,.,C,B,B,.,.,B,A,D,A,A,C,B,C,C,B,B,B,.,.,.,.,.,.,.,.,.,.,.,.,.,.,.,.,.,.,.,.,.,.,.,.,.,.,.,.,.,B,C,C,C,C,C,B,B,C,C,B,C,C,B,A,B,B,C,A
2023,3,31,6324415,2,61432986,1,1,1486523,12,52280626,1,1,1,1,1,15,1,4,15,1,4,AEBCCCBACEBBD,BACEAECBDBADD,DACEAABBDADCE,DBACDDABBECBC,1,1,0,63244152112,1.200000000000000,0.778346,0.334638,292.866689,18.436333,1.200000000000000,0.586097,0.545518,282.722707,30.490271,1,1,5.33,5,1.2631578947,B,B,A,C,A,A,A,C,B,B,A,A,A,F,C,C,B,C,C,C,B,B,B,B,B,C,C,B,B,B,D,B,B,B,B,B,A,B,B,B,A,A,.,F,B,A,A,A,C,A,C,D,C,B,A,A,B,A,A,B,B,B,B,A,B,B,B,C,B,B,C,A
2023,3,31,6324415,2,61432986,1,1,1486523,12,52280698,1,1,1,1,1,17,3,6,17,3,6,BEDEDBDCBAABE,EBBBEDADDEEBE,CCBDDBBAAAACC,CCCCCCCCCCCCC,1,1,0,63244152112,1.200000000000000,0.477107,0.348259,276.270419,19.186759,1.200000000000000,-0.481079,0.665711,223.075756,37.208137,1,1,6.18,7,1.2631578947,A,D,A,C,A,A,A,D,B,B,B,A,B,C,D,B,B,C,A,C,A,B,B,B,B,C,D,C,B,C,D,B,B,B,B,B,B,B,B,B,A,A,A,F,A,C,B,B,A,A,A,D,B,B,C,C,C,C,C,C,C,C,C,C,C,C,C,C,C,C,B,A
2023,3,31,6324415,2,61432986,1,1,1486523,12,52280699,1,1,1,1,1,2,2,3,2,2,3,AEBEECBDBECCE,EECEAEBDBEABC,AEDBCDBCCACEE,ECDCACBAACCDA,1,1,0,63244152112,1.200000000000000,-0.46106,0.565667,224.583644,31.164497,1.200000000000000,0.256458,0.511484,264.298416,28.588031,1,1,4.6,4,1.2631578947,B,E,A,A,A,A,A,A,B,.,.,.,.,C,C,A,B,B,B,C,A,B,B,B,B,B,D,C,C,A,C,B,B,B,A,B,A,A,B,A,B,A,A,A,C,A,C,A,B,C,B,B,C,A,B,B,.,C,B,A,B,A,B,.,.,B,B,B,C,B,A,A
2023,3,31,6324415,2,61432986,1,1,1486523,12,52280700,1,0,0,0,0,3,3,4,3,3,4,.............,.............,.............,.............,0,0,0,63244152112,,,,,,,,,,,0,0,,1,,.,.,.,.,.,.,.,.,.,.,.,.,.,.,.,.,.,.,.,.,.,.,.,.,.,.,.,.,.,.,.,.,.,.,.,.,.,.,.,.,.,.,.,.,.,.,.,.,.,.,.,.,.,.,.,.,.,.,.,.,.,.,.,.,.,.,.,.,.,.,.,.
2023,3,31,6324415,2,61432986,1,1,1486523,12,52280701,1,1,1,1,1,8,1,3,8,1,3,BECCCCCCCAEBB,BCEEDBDDBCAEC,BCDBADDCBCEDA,DCDDADBABABBE,1,1,0,63244152112,1.200000000000000,0.663403,0.35491,286.534092,19.553185,1.200000000000000,-0.425881,0.744475,226.160901,41.610441,1,1,4.14,3,1.2631578947,B,C,A,C,A,A,A,A,A,A,A,A,A,C,A,A,B,C,A,B,B,B,B,B,B,A,D,B,C,A,C,A,B,A,B,B,A,A,A,B,B,A,A,A,A,A,A,A,A,A,B,D,B,A,C,C,B,D,C,B,C,A,A,A,A,A,A,A,A,A,B,A
2023,3,31,6324415,2,61432986,1,1,1486523,12,52280702,1,1,1,1,1,19,5,1,19,5,1,EBEDACDBBDECA,BEDCCCCACEABD,EEDEAAACDCCDC,BD*DECCCACABD,1,1,0,63244152112,1.200000000000000,1.291087,0.341242,321.115314,18.800169,1.200000000000000,0.311829,0.512145,267.39323,28.624976,1,1,4.47,3,1.2631578947,A,C,A,B,A,A,A,E,.,.,*,B,B,C,E,B,B,C,C,C,C,B,B,B,B,A,D,B,B,A,C,B,B,A,A,B,A,B,A,B,B,A,A,A,B,A,B,A,B,C,D,D,B,A,A,C,B,B,B,B,B,A,B,B,B,B,B,B,B,B,D,A
2023,3,31,6324415,2,61432986,1,1,1486523,12,52280703,1,1,1,1,1,5,5,6,5,5,6,EBBABADBBDACB,CCEAEBDBCCDAA,BDDADEABCBACD,BDCDBBAAAAEBC,1,1,0,63244152112,1.200000000000000,-0.085419,0.414515,245.27897,22.837025,1.200000000000000,-0.405076,0.604846,227.32374,33.806251,1,1,4.38,3,1.2631578947,B,D,A,A,A,A,A,C,B,B,A,A,B,F,F,A,A,A,A,C,A,B,B,B,B,B,C,B,B,A,D,A,B,A,A,A,A,B,B,B,A,A,A,A,B,A,C,A,A,A,D,D,A,C,B,B,B,C,C,B,C,B,C,C,C,C,C,C,C,C,B,A
2023,3,31,6324415,2,61432986,1,1,1486523,12,52280704,1,1,1,1,1,1,1,2,1,1,2,BEDBDABDCEABC,CEECEDDAAABDB,DBEACDABDCEAD,ABDEADACCEECA,1,1,0,63244152112,1.200000000000000,-0.024607,0.394866,248.629308,21.754496,1.200000000000000,0.966646,0.443627,303.992476,24.795346,1,0,,1,,A,C,A,A,A,A,A,A,B,A,A,A,A,F,F,B,C,C,C,C,B,B,B,B,.,.,.,.,.,.,.,.,.,.,.,.,.,.,.,.,.,.,.,.,.,.,.,.,.,.,.,.,.,A,A,B,A,A,A,A,A,B,B,B,B,C,B,B,B,B,D,A
2023,3,31,6324415,2,61432986,1,1,1486523,12,52280705,1,1,1,1,1,6,6,7,6,6,7,ECEBCDDBDBEBA,CCCAABDBABBCE,CCCEDBACBADDB,BDDEBCDCCDAAA,1,1,0,63244152112,1.200000000000000,0.867648,0.384675,297.786636,21.193039,1.200000000000000,1.156042,0.491355,314.57826,27.462975,1,1,4.59,4,1.2631578947,A,B,A,A,A,A,A,C,B,B,.,.,B,F,F,C,C,C,C,C,C,B,B,B,B,B,C,B,B,B,D,A,B,B,B,A,A,B,A,B,B,A,A,A,A,A,A,A,C,C,C,D,B,C,C,D,D,B,D,C,D,C,C,C,D,D,.,B,C,D,C,*
2023,3,31,6324415,2,61432986,1,1,1486523,12,52280706,1,1,1,1,1,14,7,2,14,7,2,CDEAABBDDAACD,EEADCABCBAABB,ADABECDBCEDAA,ADDCCEACCDEAB,1,1,0,63244152112,1.200000000000000,1.510813,0.387107,333.220759,21.327026,1.200000000000000,1.22017,0.384469,318.162523,21.488867,1,1,4.26,3,1.2631578947,A,C,A,A,A,A,A,A,B,A,A,A,A,D,A,B,C,C,C,C,C,B,B,B,B,B,C,B,B,A,C,B,B,B,B,A,A,B,B,A,A,A,A,B,C,A,A,A,C,A,C,D,D,B,B,A,B,B,B,B,A,B,C,B,B,A,A,D,B,B,C,A
2023,3,31,6324415,2,61432986,1,1,1486523,12,52280707,1,1,1,1,1,9,2,4,9,2,4,EDEBCCDCDDDEE,BCDECADAABADD,AEDCCBACCADBD,BDAEDBDADDCBE,1,1,0,63244152112,1.200000000000000,-0.29411,0.426304,233.781481,23.486521,1.200000000000000,0.029218,0.484746,251.597443,27.093582,1,1,6.45,7,1.2631578947,A,B,A,C,A,A,A,C,B,B,A,A,B,B,B,B,A,B,A,C,C,B,B,B,B,D,D,D,C,D,D,B,B,B,B,B,B,B,B,B,A,A,A,B,A,B,A,A,A,A,D,D,A,B,B,B,B,B,B,B,B,D,D,D,D,D,D,D,D,D,C,B
2023,3,31,6324415,2,61432986,1,1,1486523,12,52280708,1,1,1,1,1,11,4,6,11,4,6,BBBEDECACCAED,EBCBABBBDEEBA,EECDDBACDDCEC,ADCEADAABACBD,1,1,0,63244152112,1.200000000000000,0.85126,0.331452,296.883766,18.260805,1.200000000000000,0.578159,0.492872,282.279033,27.547763,1,1,4.42,3,1.2631578947,B,B,A,A,A,A,A,B,B,A,A,A,A,A,A,B,C,C,C,C,B,B,B,B,B,A,D,B,B,A,D,B,B,B,B,A,A,B,B,B,A,A,A,A,B,A,A,A,A,A,B,D,D,B,A,B,B,B,B,A,A,B,B,B,B,B,B,B,B,B,C,A
2023,3,31,6324415,2,61432986,1,1,1486523,12,52280709,1,1,1,1,1,10,3,5,10,3,5,DDEEDBBBBADBE,EABDACDABDDCA,ADDEADCBDDACB,DDAC*EACDCDCC,1,1,0,63244152112,1.200000000000000,0.830942,0.34169,295.764379,18.824851,1.200000000000000,0.331892,0.922034,268.514597,51.534627,1,1,5.44,5,1.2631578947,B,C,A,A,A,A,A,C,B,B,.,.,B,D,B,C,C,C,C,C,A,B,B,B,B,B,D,B,C,B,D,B,B,B,B,B,A,B,B,B,A,A,A,A,B,A,A,A,B,B,B,D,B,B,B,C,C,C,C,C,B,C,B,B,C,B,B,B,C,B,C,A
2023,3,31,6324415,2,61432986,1,1,1486523,12,52280710,1,1,1,1,1,9,2,4,9,2,4,AEAEDACCBECBB,BEAEDBCAACAED,CDACAABCCEDAB,ABBCBDADACBBE,1,1,0,63244152112,1.200000000000000,1.082885,0.356401,309.644766,19.63533,1.200000000000000,0.006776,0.626926,250.343107,35.040354,1,1,4.3,3,1.2631578947,B,B,A,A,A,A,A,B,A,A,A,A,B,B,F,B,C,C,C,C,A,B,B,B,B,A,C,B,B,A,B,B,B,B,A,B,A,B,B,B,A,A,A,A,B,A,A,A,B,A,D,A,C,A,B,B,B,C,C,C,C,B,B,B,C,C,B,B,B,B,C,A
2023,3,31,6324415,2,61432986,1,1,1486523,12,52280711,1,1,1,1,1,16,2,5,16,2,5,DEABCEACAACDB,EABCBBDBBDDCC,AADCCDBCCDCCC,CCDABAAADBBDB,1,1,0,63244152112,1.200000000000000,0.642821,0.357306,285.400161,19.685189,1.200000000000000,0.842189,0.481133,297.036285,26.891643,1,1,5.56,6,1.2631578947,A,C,A,B,A,A,A,E,B,B,A,B,B,F,F,B,C,C,C,C,B,B,B,B,B,A,D,C,C,B,D,B,B,A,B,B,B,B,A,B,A,A,A,B,B,A,B,B,C,B,D,D,B,A,A,C,C,C,B,C,B,A,B,B,B,B,B,B,B,B,C,A
2023,3,31,6324415,2,61432986,1,1,1494362,12,52279078,1,1,1,1,1,5,5,6,5,5,6,EABADBDBBDDCA,ABCCADDBDBEDE,BCDADABBACDBD,ECCECAAACAEDB,1,1,0,63244152112,1.027777777800000,0.536904,0.352829,279.564837,19.438536,1.027777777800000,1.153408,0.497034,314.431039,27.780387,1,1,6.1,7,1.0571428571,A,C,A,C,A,A,A,D,A,A,B,B,B,D,D,A,B,B,B,C,C,B,B,B,D,A,D,C,D,D,D,B,B,B,B,B,A,B,B,B,A,A,A,B,B,A,A,A,A,A,A,D,D,A,A,A,A,A,A,A,A,B,B,B,B,B,B,B,B,B,C,B
2023,3,31,6324415,2,61432986,1,1,1494362,12,52279079,1,1,1,1,1,21,7,3,21,7,3,CDCAABAABCCEB,ADEBCEDABEECD,DDABECBBABBAA,ECBBCDCABAABC,1,1,0,63244152112,1.027777777800000,-0.360499,0.483351,230.123888,26.629432,1.027777777800000,1.021233,0.525009,307.043471,29.343975,1,1,4.56,4,1.0571428571,A,C,A,A,A,A,A,B,B,B,A,A,A,F,F,B,C,B,B,C,B,B,B,B,B,B,C,C,B,A,D,A,B,B,A,A,A,B,B,B,A,A,A,B,B,A,A,A,B,B,B,D,D,A,A,A,A,A,A,A,A,B,B,B,B,B,B,B,B,B,A,*
2023,3,31,6324415,2,61432986,1,1,1494362,12,52280364,1,1,1,1,1,8,1,3,8,1,3,AECCDCCACEADD,BCDBDEDCBCDBC,CCAEABDBACEAD,DAECDECADCADC,1,1,0,63244152112,1.027777777800000,1.069308,0.346454,308.896764,19.087316,1.027777777800000,0.891258,0.585773,299.778865,32.740217,1,1,5.8,6,1.0571428571,B,C,A,A,A,A,A,D,B,A,B,B,B,E,F,B,C,C,C,B,B,B,B,B,B,C,D,D,C,B,D,B,B,B,A,B,A,B,A,B,A,A,A,A,B,A,A,A,C,B,B,A,C,B,C,C,C,C,C,B,B,B,B,C,C,B,A,C,B,B,C,A
2023,3,31,6324415,2,61432986,1,1,1494362,12,52280365,1,1,1,1,1,19,5,1,19,5,1,EAEDACDBCDECA,BEDCDCCACECBC,DCDECAABACADB,CECDBDDBAAAAA,1,1,0,63244152112,1.027777777800000,1.969556,0.393491,358.494453,21.678742,1.027777777800000,2.598853,0.29266,395.220325,16.357449,1,1,6.34,7,1.0571428571,A,B,A,A,A,A,A,B,B,B,A,A,A,D,B,A,B,C,C,C,B,B,B,B,B,B,C,D,D,C,D,B,B,B,B,B,B,B,B,B,A,A,A,A,A,C,A,A,B,A,B,D,D,B,C,C,C,C,C,C,B,C,D,A,A,B,B,C,B,A,C,A
2023,3,31,6324415,2,61432986,1,1,1494362,12,52280366,1,1,1,1,1,8,1,3,8,1,3,AEDCBBDBBCBCD,CAEBCBDACBDBC,CACDBBDBADBDA,ABCEDEDCCA*CB,1,1,0,63244152112,1.027777777800000,-0.602864,0.488836,216.771185,26.931619,1.027777777800000,0.785571,0.665836,293.871773,37.215124,1,1,7.14,8,1.0571428571,B,B,A,B,*,B,*,B,B,B,A,A,A,E,D,B,B,C,C,C,B,B,B,B,B,C,D,D,D,D,D,B,B,B,B,B,B,B,B,B,A,A,A,F,A,C,A,A,C,C,D,D,D,C,B,B,D,D,*,C,*,B,C,C,B,D,C,C,D,C,C,A
2023,3,31,6324415,2,61432986,1,1,1494362,12,52280367,1,1,1,1,1,12,5,7,12,5,7,EAACDDDACDDCA,CDAAAEBBDBECD,DDDAAABCCCCBC,BDADECDCCBBAA,1,1,0,63244152112,1.027777777800000,1.101986,0.373562,310.697104,20.580787,1.027777777800000,1.063193,0.3914,309.388713,21.876257,1,1,4.37,3,1.0571428571,A,D,A,A,A,A,A,A,B,A,A,A,A,B,B,B,B,C,B,C,C,B,B,B,B,A,C,C,B,A,C,B,B,B,B,B,A,B,B,A,A,A,A,A,B,C,B,A,B,A,B,B,D,C,B,B,C,C,C,B,C,C,C,B,B,B,B,B,B,B,C,A
2023,3,31,6324415,2,61432986,1,1,1494362,12,52280368,1,1,1,1,1,20,6,2,20,6,2,ECEBCBDBABACA,DEACCAACBDBBB,BBCEAEDDAAEBA,AADCBBACCCBCA,1,1,0,63244152112,1.027777777800000,1.274784,0.366494,320.217127,20.191387,1.027777777800000,1.052218,0.443438,308.775294,24.784782,1,1,5.61,6,1.0571428571,A,C,A,B,A,A,A,C,B,B,A,A,B,B,B,B,C,C,C,C,C,B,B,B,C,B,D,C,C,B,D,B,B,B,B,B,A,B,B,B,A,A,A,B,B,A,B,A,C,B,C,D,C,A,C,B,C,B,C,A,C,B,C,B,B,B,A,C,B,B,D,A
2023,3,31,6324415,2,61432986,1,1,1494362,12,52280369,1,1,1,1,1,11,4,6,11,4,6,BABEDECADCAEB,EBEBCDDBDBABA,DBEADAACBEBAC,ECCEDAABCABBB,1,1,0,63244152112,1.027777777800000,1.901214,0.429664,354.729263,23.671635,1.027777777800000,0.899603,0.460989,300.245287,25.765748,1,1,5.44,5,1.0571428571,A,C,A,A,A,A,A,C,B,B,.,.,B,B,E,A,C,C,C,C,A,B,B,B,B,B,C,C,C,B,D,B,B,B,A,B,A,B,B,B,A,A,A,A,A,A,A,A,C,A,C,A,D,B,C,C,C,C,C,C,B,B,C,C,A,B,C,D,A,B,C,A
2023,3,31,6324415,2,61432986,1,1,1494362,12,52280370,1,1,1,1,1,3,3,4,3,3,4,BCEEBBBCBACBD,EABEDCCADAABB,CBDDBEDAABCBE,CDEDBDACBDDBA,1,1,0,63244152112,1.027777777800000,0.388284,0.336564,271.376861,18.542443,1.027777777800000,0.107801,0.696975,255.98963,38.955555,1,1,5.57,6,1.0571428571,A,C,A,A,A,A,A,C,B,B,.,.,.,D,D,B,B,B,B,B,B,B,B,B,B,B,D,C,C,B,D,B,B,B,A,B,A,B,B,B,A,B,A,B,B,A,A,A,A,A,B,D,D,B,C,C,C,C,C,C,B,B,B,B,C,B,B,B,B,B,B,A
2023,3,31,6324415,2,61432986,1,1,1494362,12,52280371,1,1,1,1,1,17,3,6,17,3,6,BDEEDBDBBABBC,ECEBCCDBDBECB,ADBDCDCBDAABC,DCCEAADCBABBA,1,1,0,63244152112,1.027777777800000,1.467862,0.359135,330.854444,19.785955,1.027777777800000,2.156017,0.258883,370.46919,14.469574,1,1,6.27,7,1.0571428571,A,D,A,A,A,A,A,C,B,B,A,A,B,D,D,B,B,C,A,C,C,B,B,B,B,B,D,D,D,B,D,B,B,B,B,B,B,B,B,B,A,A,A,B,B,A,B,A,B,A,B,D,D,C,D,C,D,D,D,B,C,C,C,B,B,C,C,B,B,B,C,A
2023,3,31,6324415,2,61432986,1,1,1494362,12,52280372,1,1,1,1,1,18,4,7,18,4,7,BABEBECCDCADD,CDAAABCCDAECB,CCADBCADBEABB,BEEBECCDADBAB,1,1,0,63244152112,1.027777777800000,0.887177,0.355874,298.862554,19.606295,1.027777777800000,0.655426,0.549564,286.597666,30.716411,1,1,5.56,6,1.0571428571,A,C,A,A,A,A,A,C,B,B,.,.,B,F,F,A,B,C,C,C,B,B,B,B,B,C,C,D,B,B,D,B,B,A,A,B,A,B,B,B,A,A,A,A,B,A,B,A,A,A,A,D,D,B,C,C,C,C,B,B,C,B,C,B,B,B,B,A,B,B,D,A
2023,3,31,6324415,2,61432986,1,1,1494362,12,52280373,1,1,1,1,1,17,3,6,17,3,6,BDDEDBDCBCAEC,ECBBECDBDBEBA,CBBECCCBDBADC,DBCEADDCCEBCD,1,1,0,63244152112,1.027777777800000,1.411412,0.36906,327.744423,20.332756,1.027777777800000,1.930488,0.345258,357.863849,19.297273,1,1,5.2,5,1.0571428571,A,C,A,C,A,A,B,C,B,B,.,.,B,D,C,A,B,C,C,C,C,B,B,B,B,C,D,B,B,C,D,B,B,B,B,A,A,A,B,B,A,A,A,A,B,A,A,A,B,C,B,D,C,C,C,C,C,C,C,B,B,A,B,C,B,B,B,C,B,B,C,A
2023,3,31,6324415,2,61432986,1,1,1494362,12,52280374,1,1,1,1,1,7,7,1,7,7,1,BDAAABBDDCECA,DEBCABCADCAEB,ACAEECCCBEDDA,DEDCBDACDBCEA,1,1,0,63244152112,1.027777777800000,0.33785,0.384371,268.598283,21.176291,1.027777777800000,0.113442,0.590977,256.304918,33.03108,1,1,5.55,6,1.0571428571,B,B,A,A,A,A,A,B,B,B,A,A,A,E,B,B,C,C,C,C,C,B,B,B,B,B,D,C,C,C,D,B,B,B,A,A,A,B,B,B,A,A,A,F,B,A,A,A,C,A,C,A,D,C,D,D,C,C,C,A,D,B,B,B,B,C,C,C,B,B,C,A
2023,3,31,6324415,2,61432986,1,1,1494362,12,52280375,1,1,1,1,1,1,1,2,1,1,2,BEBCDDCACECBC,EEADACCCBECDB,DEECBCDBBEEAA,ABDDBEACBDECA,1,1,0,63244152112,1.027777777800000,1.198507,0.33489,316.014771,18.450216,1.027777777800000,1.021323,0.4789,307.048501,26.766836,1,1,4.76,4,1.0571428571,A,C,A,C,A,A,A,B,B,B,A,A,A,A,A,C,C,C,C,C,C,B,B,B,B,B,D,B,B,B,D,B,B,B,A,A,A,B,B,B,A,B,A,B,B,A,A,A,B,B,C,D,C,A,A,A,A,A,A,A,A,A,A,A,A,A,A,A,A,A,C,A
2023,3,31,6324415,2,61432986,1,1,1494362,12,52280376,1,1,1,1,1,10,3,5,10,3,5,DDDEDBDBACABC,EABACADBBDECA,BCDADBCABBEAB,DEDAAAABBACDC,1,1,0,63244152112,1.027777777800000,0.919787,0.339682,300.659149,18.714224,1.027777777800000,0.368897,0.664597,270.582893,37.145873,1,1,5.5,6,1.0571428571,B,C,A,A,A,A,A,C,B,B,A,A,B,B,F,B,C,C,C,C,C,B,B,B,B,B,D,D,B,C,D,B,B,B,B,A,A,B,B,B,B,A,A,A,B,A,A,A,C,B,C,A,D,A,A,A,C,C,B,B,B,A,A,B,A,C,B,C,B,B,C,A
2023,3,31,6324415,2,61432986,1,1,1494362,12,52280377,1,1,1,1,1,9,2,4,9,2,4,CABBACDACACED,BADEABDACCBEE,ABACDEBCCABEB,DBACBABBCEDDE,1,1,0,63244152112,1.027777777800000,-0.400398,0.521079,227.925718,28.707994,1.027777777800000,-0.26927,0.610849,234.914254,34.141773,1,1,2.23,1,1.0571428571,A,B,A,B,A,A,A,C,B,B,B,B,B,A,F,B,B,C,C,C,C,A,A,A,A,A,B,A,B,A,A,A,A,A,A,A,A,A,A,A,C,A,A,A,A,A,A,A,C,A,C,A,A,B,A,C,A,A,A,A,A,A,A,A,A,A,A,A,A,A,A,B
2023,3,31,6324415,2,61432986,1,1,1494362,12,52280378,1,1,1,1,1,13,6,1,13,6,1,CBEACACBABECA,EEEADACDBCACD,DCCEAEAABAECC,BDEEBAACCAECE,1,1,0,63244152112,1.027777777800000,-0.383867,0.479355,228.836466,26.409279,1.027777777800000,0.341518,0.604075,269.052617,33.763158,1,1,6.7,7,1.0571428571,B,B,A,C,A,A,A,D,B,B,A,A,B,C,C,B,C,C,C,C,C,B,B,B,C,D,D,D,C,D,D,B,B,B,B,B,B,B,B,B,B,A,A,A,B,A,A,A,B,C,C,D,D,C,C,C,C,C,D,B,B,B,C,B,C,B,C,B,C,C,C,A
2023,3,31,6324415,2,61432986,1,1,1494362,12,52280379,1,1,1,1,1,20,6,2,20,6,2,ECABADCBDEEBC,DECEEEBCBCCEB,BBCEAAABAAEDE,ADDCBBDCCCABA,1,1,0,63244152112,1.027777777800000,0.45891,0.376369,275.267885,20.735434,1.027777777800000,0.769676,0.444502,292.983364,24.844252,1,1,5.24,5,1.0571428571,B,B,A,A,A,A,A,A,B,.,.,.,.,C,C,C,A,B,B,C,B,B,B,B,B,B,C,C,C,B,D,B,B,B,B,A,A,B,B,B,A,A,A,A,B,A,A,A,B,B,C,C,B,B,C,C,C,D,D,B,C,B,C,B,C,C,B,D,C,C,C,A
2023,3,31,6324415,2,61432986,1,1,1494362,12,52280445,1,1,1,1,1,15,1,4,15,1,4,ACDCCDBACEEEE,EDAEDDABACDEA,DBBEEBCDDCEBE,BBCECCDCBEBAE,1,1,0,63244152112,1.027777777800000,-0.192148,0.382223,239.398911,21.05795,1.027777777800000,-0.505587,0.721605,221.705947,40.332183,1,1,6.71,7,1.0571428571,A,B,D,E,A,A,B,D,B,B,A,A,B,D,D,A,B,C,C,C,A,B,B,B,D,C,D,D,C,C,D,B,B,B,A,B,B,B,B,B,A,A,A,B,A,A,A,A,A,A,A,D,D,C,B,D,C,C,C,B,B,B,D,D,B,A,C,A,B,B,B,A
2023,3,31,6324415,2,61432986,1,1,1494362,12,52280446,1,0,0,0,0,14,7,2,14,7,2,.............,.............,.............,.............,0,0,0,63244152112,,,,,,,,,,,0,0,,1,,.,.,.,.,.,.,.,.,.,.,.,.,.,.,.,.,.,.,.,.,.,.,.,.,.,.,.,.,.,.,.,.,.,.,.,.,.,.,.,.,.,.,.,.,.,.,.,.,.,.,.,.,.,.,.,.,.,.,.,.,.,.,.,.,.,.,.,.,.,.,.,.
2023,3,31,6324415,2,61432986,1,1,1494362,12,52280447,1,0,0,0,0,7,7,1,7,7,1,.............,.............,.............,.............,0,0,0,63244152112,,,,,,,,,,,0,0,,1,,.,.,.,.,.,.,.,.,.,.,.,.,.,.,.,.,.,.,.,.,.,.,.,.,.,.,.,.,.,.,.,.,.,.,.,.,.,.,.,.,.,.,.,.,.,.,.,.,.,.,.,.,.,.,.,.,.,.,.,.,.,.,.,.,.,.,.,.,.,.,.,.
2023,3,31,6324415,2,61432986,1,1,1494362,12,52280448,1,1,1,1,1,2,2,3,2,2,3,EEAEDDDABACBA,BDBBDBDABCABC,BADEBEACCDECD,EADCCDCBCABCB,1,1,0,63244152112,1.027777777800000,1.451905,0.373368,329.975319,20.570099,1.027777777800000,0.95729,0.488564,303.469548,27.306979,1,1,4.08,3,1.0571428571,B,C,A,C,A,A,A,C,.,B,B,.,B,B,C,A,A,C,C,C,A,B,B,B,B,B,D,A,C,A,C,A,B,B,A,A,A,A,A,B,A,A,A,A,B,A,B,B,A,C,C,D,B,A,B,C,C,C,C,B,C,C,D,D,B,B,B,B,C,D,C,A
2023,3,31,6324415,2,61432986,1,1,1494362,12,52280449,1,1,1,1,1,3,3,4,3,3,4,ADBEDBDCBCABD,EABEDEBADAAED,DCBBEBCBDCABE,CBCBDAADBCDCA,1,1,0,63244152112,1.027777777800000,1.486431,0.378487,331.877472,20.852122,1.027777777800000,1.808879,0.330435,351.066839,18.468781,1,1,5.9,6,1.0571428571,A,C,A,A,A,A,A,C,B,B,A,A,B,D,D,A,B,B,B,C,B,B,B,B,B,B,D,D,C,B,D,B,B,B,B,B,B,B,A,B,A,A,A,B,B,A,B,B,A,A,C,D,C,B,B,C,C,C,C,C,C,B,B,B,B,C,B,B,B,B,B,A
2023,3,31,6324415,2,61432986,1,1,1494362,12,52281758,1,1,1,1,1,12,5,7,12,5,7,EAACAADBAEECA,CDBAABDCBAACB,DADBCABDDDCBB,CABEACABBDBEE,1,1,0,63244152112,1.027777777800000,0.89121,0.386188,299.084746,21.276396,1.027777777800000,-0.182486,0.643562,239.764814,35.970178,1,1,4.09,3,1.0571428571,B,B,A,C,A,A,A,D,B,B,.,.,B,A,A,A,A,A,A,A,A,B,B,B,B,C,B,B,B,C,B,A,A,A,A,A,B,B,A,B,A,A,A,A,B,A,A,A,A,A,B,D,A,A,A,A,A,A,A,A,A,A,A,A,A,A,A,C,B,B,C,B
2023,3,31,6324415,2,61432986,1,1,1494362,12,52281759,1,1,1,1,1,18,4,7,18,4,7,EABEDECADBAED,CDAAABADCADCD,CDAADCAADEACD,BDBCECCDDDCAA,1,1,0,63244152112,1.027777777800000,1.352709,0.387772,324.510278,21.363663,1.027777777800000,1.0265,0.42622,307.337856,23.822428,1,1,6.07,7,1.0571428571,A,B,A,A,A,A,A,B,B,B,A,A,A,D,F,B,C,C,C,C,C,B,B,B,B,B,D,C,D,B,D,B,B,B,B,B,B,B,B,B,A,A,A,F,B,A,A,A,A,A,C,C,D,B,C,C,C,C,C,B,B,B,B,B,B,B,B,B,B,B,B,A
2023,3,31,6324415,2,61432986,1,1,1494362,12,52281760,1,1,1,1,1,13,6,1,13,6,1,EAEBADDBDBEAC,AEDCDCCACEBBD,BBCEDADBBAADA,CBCCBCDBADAAB,1,1,0,63244152112,1.027777777800000,1.544603,0.352291,335.082363,19.408896,1.027777777800000,1.745489,0.298089,347.523825,16.660888,1,1,5.56,6,1.0571428571,C,C,A,A,A,A,A,B,B,B,A,A,A,C,D,B,A,B,B,C,A,B,B,B,B,D,D,C,C,B,D,A,B,B,B,B,A,B,B,B,A,A,A,A,B,A,A,A,A,C,C,D,A,B,C,C,C,C,D,B,C,D,C,D,C,D,A,D,B,B,C,A
2023,3,31,6324415,2,61432986,1,1,1494362,12,52281761,1,1,1,1,1,21,7,3,21,7,3,CDADABADDCCED,BDBBDBADDDBBA,CCDCECCBBDCCA,EBDACABCCBDCB,1,1,0,63244152112,1.027777777800000,0.402434,0.373926,272.156432,20.600841,1.027777777800000,0.149306,0.566182,258.309441,31.64523,1,1,4.39,3,1.0571428571,B,C,A,C,A,A,A,D,B,B,.,.,B,D,D,B,C,C,C,C,C,B,B,B,B,A,C,B,B,B,D,A,B,A,A,A,A,B,A,B,B,A,B,H,A,B,A,A,C,C,D,D,B,B,C,C,C,C,C,C,C,B,B,C,C,B,B,B,C,B,C,B
2023,3,31,6324415,2,61432986,1,1,1494362,12,52304109,1,1,1,1,1,10,3,5,10,3,5,BDBBDBDDAAADC,EBBCABDDBCDBD,ABCDEDCBABCDE,ABCDECDABEBCB,1,1,0,63244152112,1.027777777800000,0.261152,0.374393,264.372732,20.626569,1.027777777800000,-0.805085,0.75811,204.966306,42.372533,1,1,4.91,4,1.0571428571,B,C,A,C,A,A,A,A,A,B,A,A,A,.,D,B,C,B,B,C,C,B,B,B,B,B,D,B,B,A,C,B,B,B,B,B,A,B,B,B,B,A,A,I,B,A,A,A,C,A,D,A,D,C,D,C,C,C,D,A,D,C,C,B,C,C,C,B,B,B,D,A
2023,3,31,6324415,2,61432986,1,1,1494362,12,52304110,1,1,1,1,1,6,6,7,6,6,7,BDABDEDBCBECA,CDBEABDDBEACD,ACAEAEADBAEBB,ADADECDBCDABB,1,1,0,63244152112,1.027777777800000,0.322806,0.372449,267.769458,20.519468,1.027777777800000,1.443349,0.515374,330.636517,28.805453,1,1,5.79,6,1.0571428571,A,B,D,E,A,A,B,B,B,B,A,A,A,F,F,A,B,B,B,B,B,B,B,B,B,B,D,C,D,B,D,B,B,B,B,B,A,B,B,B,B,A,A,B,C,A,A,A,A,A,A,D,D,C,B,D,C,C,C,B,B,B,D,D,B,A,C,A,B,B,B,A
2023,3,31,6324415,2,61432986,1,1,1494362,12,52304111,1,1,1,1,1,4,4,5,4,4,5,BAAEDECADCAEB,EAEDADDBBAEBD,AACAABADBEABC,BADAAAABAADAA,1,1,0,63244152112,1.027777777800000,0.868378,0.328933,297.826854,18.122025,1.027777777800000,1.641994,0.311124,341.739248,17.389445,1,1,4.4,3,1.0571428571,B,C,A,.,A,A,A,C,B,A,A,A,B,E,D,A,C,C,C,C,A,B,B,B,B,B,C,B,B,A,C,B,B,A,A,B,A,B,A,A,C,A,A,D,A,C,A,A,A,C,C,D,D,B,C,C,C,C,C,B,B,C,D,B,C,C,B,D,D,B,C,A
2023,3,31,6324415,2,61432986,1,1,1494362,12,52304112,1,1,1,1,1,11,4,6,11,4,6,BACEEEBADBAAB,CAEBCBCBDBECC,CCAADCAAAEABC,EACEAABBAAEEC,1,1,0,63244152112,1.027777777800000,0.545405,0.338208,280.033186,18.633016,1.027777777800000,0.651132,0.494754,286.357664,27.652953,1,1,6.35,7,1.0571428571,B,C,A,C,A,A,A,C,B,B,A,A,B,F,F,B,C,C,C,C,C,B,B,B,C,C,D,D,B,B,D,B,B,B,B,B,B,B,B,B,C,A,A,D,A,A,A,A,C,A,D,D,C,B,C,B,B,C,C,B,B,B,B,B,D,C,C,B,B,B,C,A
2023,3,31,6324415,2,61432986,1,1,1494362,12,52304113,1,1,1,1,1,1,1,2,1,1,2,BEDCDCABCEEDE,AEBECDCCBCDAB,EDBEEAACDDEED,AEDCDDACCEEAE,1,1,0,63244152112,1.027777777800000,0.670495,0.35104,286.924814,19.339974,1.027777777800000,0.140947,0.485907,257.842237,27.158473,1,1,5.08,5,1.0571428571,B,B,A,B,A,A,A,C,B,A,A,A,A,F,D,A,B,C,B,C,A,B,B,B,B,B,D,A,D,A,D,B,B,B,A,B,A,B,A,B,A,A,A,B,C,A,A,A,A,A,B,D,A,A,D,C,C,C,C,B,B,B,D,C,B,D,D,B,D,D,B,A
2023,3,31,6324415,2,61432986,1,1,1494362,12,52312411,1,1,1,1,1,19,5,1,19,5,1,ECABBCBDDEDCD,EECCDCBACEDCD,BAACBAADDACEC,DBBCBEDBAEEAA,1,1,0,63244152112,1.027777777800000,0.216543,0.393392,261.915072,21.673288,1.027777777800000,0.276771,0.766614,265.433756,42.847841,1,1,3.68,2,1.0571428571,A,E,A,C,A,A,A,A,A,A,A,A,B,F,F,B,A,B,B,B,B,B,B,B,B,A,C,B,B,A,B,B,A,A,A,A,B,A,A,B,A,A,A,A,A,A,C,A,B,D,B,A,D,A,A,A,A,A,A,A,A,A,A,A,A,A,A,A,A,A,C,A
2023,3,31,6324415,2,61432986,1,1,1494362,12,52312412,1,1,1,1,1,16,2,5,16,2,5,ABACCEBDAAABB,EECADBCBBADCA,ABDBEAACCEECB,CDDABABADEBDE,1,1,0,63244152112,1.027777777800000,-0.186312,0.499745,239.720435,27.532633,1.027777777800000,0.490604,0.443234,277.385381,24.77338,1,1,4.78,4,1.0571428571,A,D,A,A,A,A,A,B,A,B,A,A,B,D,D,B,C,C,B,C,B,B,B,B,B,C,D,B,B,A,D,B,B,B,B,A,A,B,B,A,B,A,A,A,B,A,C,A,C,C,B,A,C,B,C,B,C,D,D,C,C,B,C,B,C,D,C,C,B,B,C,B
2023,3,31,6324415,2,61432986,1,1,1494362,12,52312413,1,1,1,1,1,9,2,4,9,2,4,EEDECEDCBACCB,BAAEDECADDCAB,DCDBBAA.CEBAB,CCCBBDACBEAEC,1,1,0,63244152112,1.027777777800000,1.111587,0.346653,311.226056,19.098279,1.027777777800000,0.395135,0.529658,272.049396,29.603819,1,1,5.63,6,1.0571428571,B,C,A,A,A,A,A,C,B,A,A,A,B,E,F,A,B,C,C,C,C,B,B,B,B,B,D,C,C,B,D,B,B,B,A,B,A,B,B,B,B,A,A,C,A,A,A,A,B,A,C,A,D,B,C,C,B,D,B,B,B,B,C,B,C,C,B,D,A,B,C,A
2023,3,31,6324415,2,61432986,1,1,1494362,12,52312414,1,1,1,1,1,2,2,3,2,2,3,EEADCEDCBADBE,CBADEEBCDCADB,ACDCBCBCCEDDE,BDCADDCDCBCAA,1,1,0,63244152112,1.027777777800000,-0.183183,0.495367,239.892823,27.291434,1.027777777800000,0.640562,0.547069,285.766882,30.57696,1,1,4.59,4,1.0571428571,B,D,A,A,A,A,A,E,.,.,.,.,B,F,F,A,A,C,B,C,C,B,B,B,B,A,D,C,C,A,D,B,B,B,B,A,A,A,A,B,C,.,.,A,A,A,B,A,A,A,B,D,A,B,B,B,B,B,B,B,B,A,B,C,C,C,C,C,D,B,B,A
2023,3,31,6324415,2,61432986,1,1,1494362,12,52312415,1,1,1,1,1,16,2,5,16,2,5,AAEDCECCACCBB,EAEAACDABDECA,BCDACDACCBBCB,AADCBAAAAEACB,1,1,0,63244152112,1.027777777800000,0.813287,0.374274,294.791706,20.620013,1.027777777800000,0.637026,0.446406,285.569247,24.950671,1,1,5.99,6,1.0571428571,B,B,A,C,A,A,A,B,B,.,.,.,B,C,C,B,B,C,C,C,B,B,B,B,B,C,D,C,C,B,D,B,B,B,B,B,B,B,B,B,A,A,A,A,A,A,A,A,D,A,C,A,C,A,C,B,B,B,B,B,A,B,C,B,B,C,B,B,C,B,C,A
2023,3,31,6324415,2,61432986,1,1,1494362,12,52312416,1,1,1,1,1,15,1,4,15,1,4,BCDADDADDEEBC,DABACACCDDCEC,DACECBBBDCBAD,DBCAEDCBACDED,1,1,0,63244152112,1.027777777800000,-0.819208,0.522225,204.852066,28.771131,1.027777777800000,-0.433239,0.725833,225.749645,40.568496,1,0,,1,,A,F,A,C,A,A,A,.,B,A,A,A,B,B,B,A,A,C,C,C,B,B,B,B,.,.,.,.,.,.,.,.,.,.,.,.,.,.,.,.,.,.,.,.,.,.,.,.,.,.,.,.,.,B,B,C,D,C,D,A,A,B,B,B,D,B,B,B,B,B,A,B
2023,3,31,6324415,2,61432986,1,1,1494362,12,52312417,1,0,0,0,0,14,7,2,14,7,2,.............,.............,.............,.............,0,0,0,63244152112,,,,,,,,,,,0,0,,1,,.,.,.,.,.,.,.,.,.,.,.,.,.,.,.,.,.,.,.,.,.,.,.,.,.,.,.,.,.,.,.,.,.,.,.,.,.,.,.,.,.,.,.,.,.,.,.,.,.,.,.,.,.,.,.,.,.,.,.,.,.,.,.,.,.,.,.,.,.,.,.,.
2023,3,31,6324415,2,61432986,1,1,1502328,12,52279247,1,1,1,1,1,11,4,6,11,4,6,BABEDECBDCADB,CCEBDBDBABEED,BDEADAACCBBED,ACCECDDABBABA,1,1,0,63244152112,0.933333333300000,0.680087,0.324563,287.45327,17.881267,0.933333333300000,0.958793,0.484663,303.553554,27.088943,1,1,5.33,5,0.9333333333,A,C,A,A,A,A,A,C,B,B,A,A,A,D,D,A,B,B,B,C,C,A,A,B,C,B,D,C,C,B,D,B,B,B,A,A,A,B,A,B,C,B,A,D,B,A,A,A,B,C,D,A,D,C,D,C,C,C,D,A,B,B,B,.,A,C,D,A,C,B,C,A
2023,3,31,6324415,2,61432986,1,1,1502328,12,52279248,1,1,1,1,1,8,1,3,8,1,3,BEDBDDDCBDCCD,AEBCBBBDABEBD,AECAEDDCBCCBB,CDAABBBAAEDDA,1,1,0,63244152112,0.933333333300000,-0.982631,0.576426,195.848544,31.757247,0.933333333300000,-0.164246,0.737378,240.78429,41.213773,1,1,4.77,4,0.9333333333,A,E,A,C,A,A,A,B,B,B,A,A,A,A,B,B,C,C,B,C,C,A,A,B,C,B,D,C,B,B,C,A,B,B,B,A,B,B,B,A,C,B,A,D,C,A,A,B,B,B,C,C,C,B,B,C,C,C,C,B,B,B,C,B,C,B,B,B,B,B,B,A
2023,3,31,6324415,2,61432986,1,1,1502328,12,52280612,1,1,1,1,1,10,3,5,10,3,5,ACBEDEDCAAABD,EAECAADBBEECA,DADEEADADADBE,CCDCDEBDDACAC,1,1,0,63244152112,0.933333333300000,0.72427,0.33676,289.88746,18.553241,0.933333333300000,-0.284402,0.72313,234.068491,40.417419,1,1,4.16,3,0.9333333333,B,C,A,A,A,A,A,A,A,A,A,A,B,A,A,A,B,C,A,A,A,B,B,B,C,A,C,B,B,B,C,A,B,B,B,A,A,B,A,B,C,B,A,D,B,A,B,A,B,A,D,D,D,B,C,B,B,B,C,C,C,B,B,B,B,C,D,B,C,B,D,A
2023,3,31,6324415,2,61432986,1,1,1502328,12,52280613,1,1,1,1,1,5,5,6,5,5,6,BBBDAABBACACD,ABBBCCDCADEAC,DDDEBBBCABBCD,BDCECCAAABDAD,1,1,0,63244152112,0.933333333300000,-0.761471,0.561704,208.032992,30.946162,0.933333333300000,-0.040286,0.571458,247.712703,31.940118,1,1,5.36,5,0.9333333333,B,C,A,A,A,A,A,B,B,B,A,A,A,C,B,.,.,.,.,.,.,A,A,B,B,A,D,C,B,C,D,B,B,B,B,B,A,B,B,B,A,B,A,C,B,A,A,A,C,B,B,A,C,A,A,C,A,A,A,A,A,B,B,B,B,B,B,B,C,B,C,A
2023,3,31,6324415,2,61432986,1,1,1502328,12,52280614,1,1,1,1,1,3,3,4,3,3,4,DACBDEDBAAABA,BADEBEAADBACD,ECDACABABDCAB,DADADDADBECCD,1,1,0,63244152112,0.933333333300000,0.217275,0.319595,261.9554,17.607563,0.933333333300000,1.07204,0.491279,309.883192,27.458727,1,1,4.39,3,0.9333333333,A,B,A,C,A,A,A,C,B,B,A,A,B,B,F,B,B,C,C,C,C,B,A,B,B,A,D,B,C,B,C,A,A,B,B,A,A,B,B,B,A,A,A,A,B,A,A,A,B,B,B,D,B,A,C,C,C,D,C,B,B,B,C,D,C,D,D,C,D,B,C,A
2023,3,31,6324415,2,61432986,1,1,1502328,12,52280615,1,0,0,0,0,7,7,1,7,7,1,.............,.............,.............,.............,0,0,0,63244152112,,,,,,,,,,,0,0,,1,,.,.,.,.,.,.,.,.,.,.,.,.,.,.,.,.,.,.,.,.,.,.,.,.,.,.,.,.,.,.,.,.,.,.,.,.,.,.,.,.,.,.,.,.,.,.,.,.,.,.,.,.,.,.,.,.,.,.,.,.,.,.,.,.,.,.,.,.,.,.,.,.
2023,3,31,6324415,2,61432986,1,1,1502328,12,52280616,1,1,1,1,1,9,2,4,9,2,4,EEAECADCDCCAB,BABEDECADCAED,ACDBCCABBADBC,BCCDDDDACEBDA,1,1,0,63244152112,0.933333333300000,2.00541,0.431358,360.469771,23.764963,0.933333333300000,-0.495877,0.56304,222.248661,31.469616,1,1,4.53,4,0.9333333333,A,C,A,C,A,A,A,C,B,B,A,A,B,B,B,A,B,B,C,C,C,B,B,B,B,A,.,C,B,B,D,A,B,B,A,A,A,B,B,B,A,A,A,B,A,A,A,A,A,C,B,A,D,B,D,C,C,C,D,B,B,C,C,B,B,B,B,B,B,B,D,B
2023,3,31,6324415,2,61432986,1,1,1502328,12,52280617,1,1,1,1,1,1,1,2,1,1,2,AEDCDACBCCBDA,EECCCCDCBDBBB,CAEDBDDADEEAB,ABDEBDBCCADCB,1,1,0,63244152112,0.933333333300000,0.816561,0.355166,294.972081,19.567289,0.933333333300000,1.698093,0.309758,344.874752,17.313096,1,1,5.06,5,0.9333333333,B,B,A,A,A,A,A,C,B,B,A,A,B,D,B,B,C,C,C,C,B,A,A,B,B,B,C,B,B,B,D,A,B,A,A,B,B,B,B,B,C,B,A,D,B,A,A,A,D,A,D,A,C,B,B,C,C,C,C,B,C,B,B,C,B,C,C,C,B,B,C,A
2023,3,31,6324415,2,61432986,1,1,1502328,12,52280618,1,1,1,1,1,13,6,1,13,6,1,EEECECABDDDBA,DEDCDAADCEEBE,EDCECACACACAE,EEEEEAAACEEEA,1,1,0,63244152112,0.933333333300000,0.45789,0.341911,275.21169,18.837027,0.933333333300000,-0.268864,0.577719,234.936946,32.29006,1,1,5.3,5,0.9333333333,B,C,A,A,A,A,A,E,B,B,A,A,B,A,C,B,C,C,C,C,A,A,B,B,D,B,D,B,B,B,D,A,B,B,B,B,B,B,B,B,C,B,A,D,A,A,A,A,D,A,D,D,D,A,A,A,C,*,A,A,A,A,A,A,A,B,C,A,A,A,C,A
2023,3,31,6324415,2,61432986,1,1,1502328,12,52280619,1,1,1,1,1,6,6,7,6,6,7,ECCBBACDBBBEC,CDCEABCDADBEA,EDCEAEDACACBD,ADEBEECACDDAA,1,1,0,63244152112,0.933333333300000,-0.279314,0.446699,234.596642,24.61015,0.933333333300000,0.700879,0.525944,289.13814,29.396235,1,1,3.8,2,0.9333333333,B,C,A,F,A,A,A,E,B,B,A,A,B,B,C,C,B,C,C,C,A,A,B,B,C,A,B,B,B,A,D,A,A,A,B,A,A,B,B,A,C,B,A,D,B,C,B,A,D,A,D,A,B,A,B,B,B,C,D,A,C,B,B,B,C,D,A,B,B,B,C,B
2023,3,31,6324415,2,61432986,1,1,1502328,12,52280620,1,1,1,1,1,2,2,3,2,2,3,EAAECCBCCAABB,DBEEAEACBCDDC,BCDCBCACCCCCA,CCDACABAABDCC,1,1,0,63244152112,0.933333333300000,0.203903,0.444949,261.218692,24.513737,0.933333333300000,0.52474,0.460191,279.293321,25.721146,1,1,3.81,2,0.9333333333,A,C,A,A,A,A,A,C,B,B,A,A,B,B,B,A,B,C,C,C,B,A,A,A,B,A,C,A,B,B,C,A,B,A,A,A,A,A,A,B,A,B,A,D,B,A,A,A,B,A,D,D,C,B,C,C,B,C,C,B,A,A,A,A,A,B,C,B,A,A,B,A
2023,3,31,6324415,2,61432986,1,1,1502328,12,52280621,1,1,1,1,1,12,5,7,12,5,7,EEAACEBBBDDBD,CDAAABDADAACE,CCDABABCADDEA,CACDECCBCBCEB,1,1,0,63244152112,0.933333333300000,-0.127061,0.395781,242.984772,21.804906,0.933333333300000,0.5762,0.600613,282.16954,33.569659,1,1,3.51,2,0.9333333333,B,C,A,A,A,A,A,B,B,B,A,A,A,F,F,A,B,B,B,C,B,A,B,B,B,A,D,B,B,A,B,A,A,B,B,A,A,B,B,A,C,B,A,D,B,A,A,A,C,A,D,A,D,A,D,C,B,B,B,B,C,B,B,C,B,C,C,B,B,B,D,A
2023,3,31,6324415,2,61432986,1,1,1502328,12,52280622,1,1,1,1,1,4,4,5,4,4,5,BAAEDECADCCAD,EABCAEDBBAECA,BDAADDACBEABE,BCDCCEBBCCEAC,1,1,0,63244152112,0.933333333300000,1.3857,0.36459,326.327863,20.086489,0.933333333300000,0.976574,0.488181,304.547375,27.285573,1,1,5.08,5,0.9333333333,A,B,A,C,A,A,A,B,B,B,A,A,A,C,C,C,B,C,C,C,A,*,*,B,C,B,D,C,B,B,D,A,B,B,B,A,A,B,B,B,C,B,A,C,B,A,A,A,B,B,C,D,D,C,C,C,B,C,D,C,C,C,C,C,C,C,B,C,C,C,C,A
2023,3,31,6324415,2,61432986,1,1,1502328,12,52280623,1,1,1,1,1,14,7,2,14,7,2,CDCAAEBAABCDB,CAEDDACBCDBEB,DCCBBCACBABAA,ACDEDBCCAEBAD,1,1,0,63244152112,0.933333333300000,-0.422028,0.480138,226.734048,26.452417,0.933333333300000,0.134674,0.485169,257.491624,27.117225,1,1,4.2,3,0.9333333333,B,C,A,B,A,A,A,B,B,B,.,.,B,.,D,A,B,B,B,B,C,B,B,B,B,A,C,C,B,A,D,B,B,B,A,B,A,A,A,A,A,A,A,A,B,A,A,A,A,D,D,D,D,D,D,C,C,D,C,B,A,C,C,B,C,B,B,C,D,A,C,A
2023,3,31,6324415,2,61432986,1,1,1502328,12,52280624,1,1,1,1,1,15,1,4,15,1,4,BEACCCCACEABC,EAAEDECADCAAB,DBECBBABBAEEA,ADEABACADEBBC,1,1,0,63244152112,0.933333333300000,1.13558,0.328159,312.547911,18.079383,0.933333333300000,-0.251485,0.812521,235.908299,45.41369,1,1,5.49,5,0.9333333333,B,C,A,C,A,A,A,D,A,A,B,B,B,D,C,C,B,C,C,C,B,B,B,B,C,B,D,D,C,A,D,B,B,B,B,B,A,B,A,B,A,A,A,A,C,A,A,A,B,C,C,D,D,A,D,A,C,D,C,C,B,A,C,B,C,C,C,C,C,C,C,B
2023,3,31,6324415,2,61432986,1,1,1502328,12,52280625,1,1,1,1,1,16,2,5,16,2,5,EEEEDEBCDDCAE,BABBECABBECBD,BEC*ADCBDBCEA,CBCBAECDACECD,1,1,0,63244152112,0.933333333300000,-0.7541,0.591672,208.439085,32.5972,0.933333333300000,-1.120197,0.657406,187.353963,36.743952,1,1,4.08,3,0.9333333333,B,A,B,B,A,A,B,C,B,.,.,.,.,F,F,.,C,.,.,.,.,A,.,.,B,*,D,C,B,A,D,A,B,B,A,A,B,A,A,A,A,A,A,A,A,C,A,A,B,C,D,A,B,D,C,A,D,D,A,A,C,A,A,C,B,B,A,A,A,A,A,B
2023,3,31,6324415,2,61432986,1,1,1518224,12,52279411,1,0,0,0,0,20,6,2,20,6,2,.............,.............,.............,.............,0,0,0,63244152112,,,,,,,,,,,0,0,,1,,.,.,.,.,.,.,.,.,.,.,.,.,.,.,.,.,.,.,.,.,.,.,.,.,.,.,.,.,.,.,.,.,.,.,.,.,.,.,.,.,.,.,.,.,.,.,.,.,.,.,.,.,.,.,.,.,.,.,.,.,.,.,.,.,.,.,.,.,.,.,.,.
2023,3,31,6324415,2,61432986,1,1,1518224,12,52279412,1,1,1,1,1,3,3,4,3,3,4,AEDBCDDCDBDBB,CDDBEECADEAEB,AEDDEADDAADBC,DDEAEAADBEEEE,1,1,0,63244152112,1.714285714300000,-0.327355,0.408368,231.949902,22.498366,1.714285714300000,0.907866,0.547294,300.707125,30.589536,1,1,5.67,6,1.7142857143,A,F,A,C,A,A,.,B,A,A,B,B,B,E,F,A,A,B,B,C,A,B,B,B,B,B,D,B,B,B,D,B,B,B,B,B,B,B,B,B,A,B,B,A,C,C,C,B,D,D,C,D,B,A,B,B,C,C,B,B,A,B,B,C,B,C,C,C,A,B,A,A
2023,3,31,6324415,2,61432986,1,1,1518224,12,52279413,1,1,1,1,1,1,1,2,1,1,2,DDCCDBAACEDDA,EEECCEBBBCCEB,DBCDDDACCAACA,DDDDBABCCBEBB,1,1,0,63244152112,1.714285714300000,0.407749,0.360484,272.449254,19.860276,1.714285714300000,0.529828,0.448956,279.577701,25.093196,1,1,4.14,3,1.7142857143,B,B,A,A,A,A,A,D,B,B,A,A,B,D,F,C,C,C,C,C,B,B,B,B,B,A,C,B,B,A,D,B,B,A,B,A,A,B,A,A,A,A,A,A,A,A,A,A,C,B,D,A,D,A,B,D,A,C,B,A,A,B,A,A,B,B,B,A,A,A,C,A
2023,3,31,6324415,2,61432986,1,1,1518224,12,52279414,1,1,1,1,1,21,7,3,21,7,3,CDEAABDDBECCD,BDEEDBDCACDEC,DCEBECDACBBEA,CDDACDCAACBAC,1,1,0,63244152112,1.714285714300000,0.956257,0.354316,302.668404,19.52046,1.714285714300000,0.662268,0.556307,286.980081,31.093293,1,1,4.89,4,1.7142857143,B,B,A,F,A,A,A,D,B,B,.,.,B,B,F,B,C,C,C,C,B,B,B,B,B,B,D,B,B,B,D,B,B,A,A,A,A,B,B,B,A,A,A,A,B,A,A,A,B,D,D,D,D,A,C,C,C,C,C,B,A,A,A,A,A,A,A,A,A,A,C,A
2023,3,31,6324415,2,61432986,1,1,1518224,12,52280783,1,1,1,1,1,6,6,7,6,6,7,EDEBCADBDBECA,CDAAABBBDEEED,DECEAAAABCCCA,DADCCCDBDBACA,1,1,0,63244152112,1.714285714300000,1.53995,0.401124,334.826014,22.09927,1.714285714300000,0.596204,0.549324,283.28761,30.702997,1,1,5.2,5,1.7142857143,B,C,A,C,A,A,A,C,B,B,A,A,B,A,D,C,C,C,C,C,C,B,B,B,B,A,D,C,B,B,D,B,B,B,B,B,A,B,B,B,A,B,A,A,C,A,A,A,B,*,C,B,D,A,A,A,A,A,A,A,A,A,B,A,A,A,A,A,A,A,C,A
2023,3,31,6324415,2,61432986,1,1,1518224,12,52280784,1,1,1,1,1,18,4,7,18,4,7,EADEEECADBAED,CDAAABADDBEED,CBBAACCBAEEBC,AAACACDCBDBBA,1,1,0,63244152112,1.714285714300000,0.994544,0.356126,304.777763,19.620179,1.714285714300000,-0.105194,0.610993,244.084843,34.149821,1,1,4.29,3,1.7142857143,B,C,A,B,A,A,A,D,B,B,A,A,B,F,F,B,B,C,B,C,B,B,B,B,B,A,C,B,B,A,D,B,B,A,B,A,A,A,B,B,A,A,A,A,C,A,A,A,A,A,C,D,D,A,C,C,C,C,C,B,B,B,C,B,C,B,C,C,A,A,B,A
2023,3,31,6324415,2,61432986,1,1,1518224,12,52280785,1,0,0,0,0,17,3,6,17,3,6,.............,.............,.............,.............,0,0,0,63244152112,,,,,,,,,,,0,0,,1,,.,.,.,.,.,.,.,.,.,.,.,.,.,.,.,.,.,.,.,.,.,.,.,.,.,.,.,.,.,.,.,.,.,.,.,.,.,.,.,.,.,.,.,.,.,.,.,.,.,.,.,.,.,.,.,.,.,.,.,.,.,.,.,.,.,.,.,.,.,.,.,.
2023,3,31,6324415,2,61432986,1,1,1518224,12,52280786,1,1,1,1,1,4,4,5,4,4,5,BDBEABCAACADD,EAADACDDBCCAD,BCADDEACDBCAC,CEDADABCDDCCC,1,1,0,63244152112,1.714285714300000,0.088318,0.342902,254.850726,18.891624,1.714285714300000,0.271582,0.566541,265.143731,31.665295,1,1,4.43,3,1.7142857143,A,B,A,A,A,A,A,C,B,B,A,A,B,F,F,A,B,C,C,C,C,B,B,B,B,A,D,B,B,A,C,B,B,B,B,B,A,A,B,B,A,A,A,A,C,A,A,A,B,A,C,D,D,A,A,B,C,C,C,C,C,B,B,B,B,B,B,B,B,B,D,A
2023,3,31,6324415,2,61432986,1,1,1518224,12,52280787,1,0,0,0,0,19,5,1,19,5,1,.............,.............,.............,.............,0,0,0,63244152112,,,,,,,,,,,0,0,,1,,.,.,.,.,.,.,.,.,.,.,.,.,.,.,.,.,.,.,.,.,.,.,.,.,.,.,.,.,.,.,.,.,.,.,.,.,.,.,.,.,.,.,.,.,.,.,.,.,.,.,.,.,.,.,.,.,.,.,.,.,.,.,.,.,.,.,.,.,.,.,.,.
2023,3,31,6324415,2,61432986,1,1,1518224,12,52280788,1,1,1,1,1,2,2,3,2,2,3,BEEECEACBCCDB,BEEBDBBCBCDEC,ABDEADCCCBDBE,CBBAEABCDCCBB,1,1,0,63244152112,1.714285714300000,0.683484,0.362472,287.640422,19.969801,1.714285714300000,1.010904,0.53224,306.466159,29.748133,1,1,5.01,5,1.7142857143,A,B,A,C,A,A,A,E,B,A,A,A,A,C,F,A,A,C,C,C,C,B,B,B,B,A,*,B,B,B,D,B,B,B,B,B,A,B,B,B,A,A,A,A,B,A,A,A,A,A,B,D,D,A,B,B,B,C,C,C,C,B,C,C,B,C,D,B,B,B,C,A
2023,3,31,6324415,2,61432986,1,1,1518224,12,52280789,1,0,0,0,0,5,5,6,5,5,6,.............,.............,.............,.............,0,0,0,63244152112,,,,,,,,,,,0,0,,1,,.,.,.,.,.,.,.,.,.,.,.,.,.,.,.,.,.,.,.,.,.,.,.,.,.,.,.,.,.,.,.,.,.,.,.,.,.,.,.,.,.,.,.,.,.,.,.,.,.,.,.,.,.,.,.,.,.,.,.,.,.,.,.,.,.,.,.,.,.,.,.,.
2023,3,31,6324415,2,61432986,1,1,1518224,12,52280790,1,0,0,0,0,7,7,1,7,7,1,.............,.............,.............,.............,0,0,0,63244152112,,,,,,,,,,,0,0,,1,,.,.,.,.,.,.,.,.,.,.,.,.,.,.,.,.,.,.,.,.,.,.,.,.,.,.,.,.,.,.,.,.,.,.,.,.,.,.,.,.,.,.,.,.,.,.,.,.,.,.,.,.,.,.,.,.,.,.,.,.,.,.,.,.,.,.,.,.,.,.,.,.
2023,3,31,6324415,2,61432986,1,1,1518224,12,52280791,1,0,0,0,0,8,1,3,8,1,3,.............,.............,.............,.............,0,0,0,63244152112,,,,,,,,,,,0,0,,1,,.,.,.,.,.,.,.,.,.,.,.,.,.,.,.,.,.,.,.,.,.,.,.,.,.,.,.,.,.,.,.,.,.,.,.,.,.,.,.,.,.,.,.,.,.,.,.,.,.,.,.,.,.,.,.,.,.,.,.,.,.,.,.,.,.,.,.,.,.,.,.,.
2023,3,31,6324415,2,61432986,1,1,1691682,12,52292573,1,1,1,1,1,11,4,6,11,4,6,BAAEDECADCAED,EBEBCEDBDBECA,DDCEDAADCEDBC,BBCECBAAABDEC,1,1,0,63244152112,1.085714285700000,2.180046,0.461344,370.091055,25.416992,1.085714285700000,0.656598,0.572031,286.663172,31.972144,1,1,5.26,5,1.0857142857,B,C,A,A,A,A,A,C,B,B,A,A,B,E,D,B,C,C,C,C,C,B,B,B,B,B,D,C,B,B,D,B,B,B,A,A,A,B,B,B,A,A,A,A,A,C,A,A,C,C,B,A,C,A,C,B,C,C,C,B,B,B,B,C,B,C,C,B,A,B,A,A
2023,3,31,6324415,2,61432986,1,1,1691682,12,52292574,1,1,1,1,1,20,6,2,20,6,2,EACCEDDBDBACA,DEDDCEBBBACEB,EACEDDABCADAD,AEDCBEACCEEAA,1,1,0,63244152112,1.085714285700000,0.525893,0.358609,278.958204,19.756976,1.085714285700000,0.753685,0.450386,292.08959,25.173122,1,1,4.45,3,1.0857142857,B,C,A,C,*,A,A,C,B,A,A,A,B,B,B,A,C,C,C,C,C,A,B,B,B,A,C,B,B,B,D,B,A,B,B,A,A,B,B,B,B,A,A,A,A,A,A,A,B,D,D,A,D,C,C,C,C,C,C,C,D,B,B,B,B,D,D,A,C,C,C,A
2023,3,31,6324415,2,61432986,1,1,1691682,12,52292575,1,0,0,0,0,4,4,5,4,4,5,.............,.............,.............,.............,0,0,0,63244152112,,,,,,,,,,,0,0,,1,,.,.,.,.,.,.,.,.,.,.,.,.,.,.,.,.,.,.,.,.,.,.,.,.,.,.,.,.,.,.,.,.,.,.,.,.,.,.,.,.,.,.,.,.,.,.,.,.,.,.,.,.,.,.,.,.,.,.,.,.,.,.,.,.,.,.,.,.,.,.,.,.
2023,3,31,6324415,2,61432986,1,1,1691682,12,52292576,1,1,1,1,1,3,3,4,3,3,4,DDBBABBCBCAED,BBBEDEBADCAAD,DDBAEBCDBCDCB,BEAABEACBEADE,1,1,0,63244152112,1.085714285700000,0.710625,0.351525,289.135711,19.366694,1.085714285700000,0.921347,0.523503,301.46061,29.259801,1,1,3.84,2,1.0857142857,A,C,A,A,A,A,A,D,B,B,A,A,B,D,D,B,A,A,C,C,A,B,B,B,B,A,C,B,B,A,D,A,B,B,A,B,A,A,A,A,A,A,A,A,A,A,A,A,B,B,D,D,D,B,B,C,C,B,A,A,B,A,A,A,A,B,C,B,B,B,C,A
2023,3,31,6324415,2,61432986,1,1,1691682,12,52292577,1,1,1,1,1,16,2,5,16,2,5,EAAAEECCBEBEB,ECBDACDABDBCD,ADDEBCACCBBCA,BDDABABBACADC,1,1,0,63244152112,1.085714285700000,0.435541,0.410355,273.980408,22.607837,1.085714285700000,1.395525,0.357926,327.963522,20.005317,1,1,5.57,6,1.0857142857,B,B,A,A,A,A,A,B,B,B,A,A,A,E,F,A,B,C,C,.,A,B,B,B,B,B,D,C,B,B,D,B,B,B,B,B,A,B,B,B,A,A,A,A,B,A,A,A,C,A,C,A,D,A,C,C,C,C,C,B,A,C,D,B,A,D,C,B,C,C,C,A
2023,3,31,6324415,2,61432986,1,1,1691682,12,52292578,1,1,1,1,1,19,5,1,19,5,1,EAECABDBBDBCA,AEECBACACEABC,CDDBAABBACACD,CEECBDDBACEEB,1,1,0,63244152112,1.085714285700000,1.143088,0.339963,312.961552,18.729705,1.085714285700000,1.696807,0.287634,344.802874,16.076534,1,1,4.72,4,1.0857142857,B,B,A,B,A,A,A,B,B,B,.,.,.,C,B,A,C,C,C,C,C,A,B,B,B,B,C,B,B,B,D,B,B,B,B,B,A,A,A,B,A,A,A,A,A,A,A,A,C,D,D,A,D,D,C,C,D,C,D,B,C,B,C,B,A,C,C,B,C,B,A,A
2023,3,31,6324415,2,61432986,1,1,1691682,12,52292579,1,1,1,1,1,7,7,1,7,7,1,CDAAABBDDAECD,AEDCDCCACEEBC,EDBBECDBCCAEA,CECDBDDBAACEB,1,1,0,63244152112,1.085714285700000,2.247241,0.455244,373.793054,25.080923,1.085714285700000,3.019393,0.306542,418.725285,17.133346,1,1,5.78,6,1.0857142857,B,C,A,A,A,A,A,C,B,A,A,A,B,E,E,C,C,C,C,C,C,B,B,B,B,B,D,B,C,B,D,B,B,B,B,B,B,B,A,B,A,A,A,B,A,A,A,A,D,B,C,A,D,D,D,C,C,.,D,D,D,B,D,B,B,A,A,D,A,D,A,A
2023,3,31,6324415,2,61432986,1,1,1691682,12,52292580,1,1,1,1,1,10,3,5,10,3,5,BDDEDBDCBAABB,EABCAADBBDECA,ACBBBDCBDBABD,DCDABABBCBABC,1,1,0,63244152112,1.085714285700000,1.486348,0.348005,331.8729,19.172766,1.085714285700000,1.749229,0.398611,347.732862,22.279297,1,1,6.56,7,1.0857142857,B,B,A,A,A,A,A,D,B,B,A,A,B,E,E,B,B,C,B,B,C,B,B,B,B,B,D,D,D,C,D,B,B,B,B,B,A,B,B,B,A,A,A,B,A,C,A,A,C,B,C,A,D,B,C,C,C,C,B,B,B,B,B,B,B,B,B,C,B,B,C,A
2023,3,31,6324415,2,61432986,1,1,1691682,12,52292581,1,1,1,1,1,2,2,3,2,2,3,EEBDCABCBAC.B,BDEEDBDCBADBD,AADECBACCBECA,ABDECACCDAABD,1,1,0,63244152112,1.085714285700000,1.279045,0.333108,320.45188,18.35204,1.085714285700000,1.7862,0.371516,349.799257,20.764894,1,1,5.94,6,1.0857142857,B,B,A,A,A,A,A,B,B,A,A,A,B,E,E,B,A,C,A,B,B,B,B,B,C,A,D,D,D,B,C,A,B,B,B,B,B,B,B,B,A,A,A,H,A,C,A,A,B,C,B,D,D,A,C,C,C,D,C,B,C,B,C,B,B,B,B,D,D,D,C,A
2023,3,31,6324415,2,61432986,1,1,1691682,12,52292582,1,1,1,1,1,14,7,2,14,7,2,CDCEABBBBAECB,EECCEABCBCCBB,EDAABCCAAEDCA,BADEBDACCEDCE,1,1,0,63244152112,1.085714285700000,1.162777,0.390966,314.046285,21.539632,1.085714285700000,0.850433,0.452989,297.497061,25.31861,1,1,5.92,6,1.0857142857,B,B,A,A,.,.,.,B,B,B,.,.,.,E,B,B,B,C,C,C,C,B,B,B,B,B,D,C,C,C,D,B,B,B,B,B,A,B,B,B,A,A,A,F,A,C,A,A,B,B,B,A,D,A,B,B,C,C,C,A,A,A,B,B,A,B,A,A,A,A,C,A
2023,3,31,6324415,2,61432986,1,1,1691682,12,52308268,1,1,1,1,1,18,4,7,18,4,7,EABEDECADCAED,CDAAABCDBEECD,DCBBDEADBECCC,EDDAECDCADADA,1,1,0,63244152112,1.085714285700000,1.769353,0.443359,347.464597,24.426138,1.085714285700000,2.138552,0.341028,369.493031,19.060849,1,1,5.76,6,1.0857142857,B,B,A,A,A,A,A,C,B,B,A,A,B,E,D,B,C,C,C,C,C,B,B,B,B,B,D,B,D,B,D,B,B,B,B,B,A,B,B,B,A,A,A,F,A,C,A,A,C,C,C,D,D,C,C,C,C,C,C,B,B,B,B,B,B,B,B,D,B,B,A,A
2023,3,31,6324415,2,61432986,1,1,1691682,12,52308269,1,1,1,1,1,15,1,4,15,1,4,AEDCDCCACEEBC,BABEDECADCAED,DECABDDBACEAB,DDEDCEADBEADC,1,1,0,63244152112,1.085714285700000,2.296511,0.473544,376.507504,26.089131,1.085714285700000,1.909213,0.275371,356.67474,15.391126,1,1,5.52,6,1.0857142857,B,C,A,A,A,A,A,A,B,A,A,A,A,E,C,C,B,C,B,C,B,B,B,B,B,B,D,C,C,A,C,B,B,B,B,B,B,B,B,B,A,A,A,F,B,A,A,A,C,C,C,C,D,C,C,C,C,C,C,B,C,B,C,C,B,D,B,B,C,B,C,A
2023,3,31,6324415,2,61432986,1,1,1691682,12,52308270,1,1,1,1,1,9,2,4,9,2,4,EEABCADCBCBBB,BABEDECADDACD,BADEBDBCCEEED,CACAAAADBECBD,1,1,0,63244152112,1.085714285700000,1.667964,0.387908,341.878736,21.371156,1.085714285700000,1.756608,0.284871,348.145291,15.922103,1,1,4.29,3,1.0857142857,A,B,A,A,A,A,A,B,B,A,B,A,A,D,C,B,B,C,B,C,B,B,B,B,B,B,D,B,B,A,C,B,B,B,B,A,A,B,A,A,A,A,A,A,B,A,A,A,C,C,C,C,C,B,B,C,C,C,C,B,C,B,B,B,B,B,C,B,B,B,C,A
2023,3,31,6324415,2,61432986,1,1,1691682,12,52308271,1,1,1,1,1,21,7,3,21,7,3,CDAAABACBBCCB,DCBEDBDDBABBC,CDDDBCDBCABBA,CBCDCDBADACEC,1,1,0,63244152112,1.085714285700000,0.619759,0.369496,284.129597,20.356777,1.085714285700000,1.098672,0.484802,311.371717,27.096712,1,1,5.53,6,1.0857142857,A,C,A,A,A,A,A,C,B,B,A,A,B,D,A,A,B,B,C,C,B,B,B,B,C,D,D,C,C,B,D,B,B,B,A,A,A,B,B,B,A,A,A,I,A,A,A,A,C,A,D,D,C,B,B,C,C,C,C,B,A,C,C,B,B,B,B,C,.,B,C,A
2023,3,31,6324415,2,61432986,1,1,1691682,12,52308272,1,1,1,1,1,13,6,1,13,6,1,EBEBCCDBDBDDA,AEDCDBBACECDC,EACEAADABDECE,DECBDDDBADAAB,1,1,0,63244152112,1.085714285700000,1.595562,0.385902,337.889866,21.260639,1.085714285700000,1.510376,0.330293,334.382812,18.460845,1,1,6.78,7,1.0857142857,B,C,A,A,A,A,A,B,B,A,A,B,B,E,E,B,C,C,C,C,B,A,B,B,C,D,D,C,D,B,D,B,B,B,B,B,B,B,B,B,A,A,A,F,A,C,A,A,C,D,C,D,D,C,C,C,B,B,C,B,C,A,B,C,B,C,B,D,A,B,A,B
2023,3,31,6324415,2,61432986,1,1,1691682,12,52308273,1,1,1,1,1,12,5,7,12,5,7,EAACADDBCDBCA,CECAABBDBADEC,BDDDAABCACECD,BDDCECDBCBBDA,1,1,0,63244152112,1.085714285700000,1.139645,0.38147,312.771865,21.016465,1.085714285700000,1.250305,0.395094,319.846838,22.082723,1,1,5.93,6,1.0857142857,B,C,A,C,A,A,A,C,B,B,A,A,B,F,F,B,C,B,B,C,C,B,B,B,B,B,D,B,D,C,D,B,B,B,B,B,A,B,B,B,A,A,A,F,B,C,A,A,A,C,A,A,D,B,C,B,B,B,B,B,B,C,C,C,B,D,D,C,B,C,C,B
2023,3,31,6324415,2,61432986,1,1,1691682,12,52308274,1,1,1,1,1,6,6,7,6,6,7,EAEDCBDBDBECA,CDAAABADCADEA,ECCEAABABEBDD,DDBAECDACBCCA,1,1,0,63244152112,1.085714285700000,1.163063,0.388717,314.062042,21.415727,1.085714285700000,1.51347,0.399415,334.555743,22.324234,1,1,5.55,6,1.0857142857,B,B,A,C,A,A,A,B,B,B,A,A,A,D,D,C,C,B,C,C,C,B,B,B,B,B,C,C,C,B,D,B,B,B,B,B,B,B,B,A,A,A,A,A,A,C,A,A,C,C,C,A,C,B,C,C,C,C,C,C,B,C,C,B,B,B,C,B,B,B,D,A
2023,3,31,6324415,2,61432986,1,1,1691682,12,52308275,1,1,1,1,1,12,5,7,12,5,7,EACAADDBCDECA,CDAAAEBDCAECD,DCDECABBACACB,EDCBECDBABCCA,1,1,0,63244152112,1.085714285700000,1.69197,0.40358,343.201307,22.234579,1.085714285700000,2.055074,0.291528,364.827251,16.294179,1,1,5.32,5,1.0857142857,A,B,A,A,A,A,A,A,B,.,.,.,.,D,D,A,B,C,C,B,C,B,B,B,B,B,D,C,B,B,C,B,B,B,B,B,A,B,B,B,B,A,A,A,A,C,A,A,A,C,B,A,D,C,D,B,B,C,C,C,D,D,D,B,A,A,B,B,B,C,D,A
2023,3,31,6324415,2,61432986,1,1,1691682,12,52308276,1,1,1,1,1,13,6,1,13,6,1,ECEECDDCDBDCA,AEDCDCCDCECDC,ACAEAADCBEBEE,DECCBCAAABEEB,1,1,0,63244152112,1.085714285700000,1.285413,0.382656,320.802715,21.081806,1.085714285700000,1.620522,0.506003,340.539128,28.281686,1,1,6.1,7,1.0857142857,A,B,A,A,B,A,A,D,B,B,.,.,B,E,D,A,A,B,A,.,C,B,B,B,C,C,D,C,D,A,D,B,B,B,B,B,A,B,B,B,A,A,A,B,A,C,A,A,C,A,B,A,C,C,D,C,C,D,D,C,D,B,B,B,B,B,B,B,B,B,C,A
2023,3,31,6324415,2,61432986,1,1,1691682,12,52308277,1,1,1,1,1,14,7,2,14,7,2,CDAAABBDCAECD,EAAECADCBECBB,DDBBECDBCCCDA,ADDEBDBCCEEDD,1,1,0,63244152112,1.085714285700000,2.36673,0.468513,380.376105,25.811957,1.085714285700000,2.546545,0.275977,392.296709,15.424997,1,1,5.44,5,1.0857142857,B,B,A,A,A,A,A,B,B,B,.,.,.,D,B,B,B,C,C,C,C,B,B,B,B,B,D,B,C,B,D,B,B,B,B,B,A,B,B,B,A,A,A,F,A,C,A,A,D,D,C,A,C,B,C,B,B,B,B,C,A,B,B,C,B,B,B,B,A,A,D,A
2023,3,31,6324415,2,61432986,1,1,1691682,12,52308278,1,1,1,1,1,2,2,3,2,2,3,EAEEEEDCBCCEB,BDDBDBDCBADBC,AEDCBAACCDBCB,BCDDCBBBCCBBC,1,1,0,63244152112,1.085714285700000,1.038939,0.338867,307.223633,18.669323,1.085714285700000,0.559938,0.487019,281.260619,27.220626,1,1,5.15,5,1.0857142857,A,C,A,A,A,A,A,B,B,B,A,A,A,F,F,B,B,A,C,C,B,B,B,B,B,C,C,C,B,A,D,B,B,B,A,B,A,B,B,B,A,A,A,A,A,A,A,A,A,B,B,A,D,D,D,D,D,C,D,B,D,C,C,D,D,D,D,D,C,D,C,A
2023,3,31,6324415,2,61432986,1,1,1691682,12,52308279,1,1,1,1,1,4,4,5,4,4,5,BABEDECADBAED,EBBCACDBCDECA,EDCADAAACECEA,DBDCBEBBACEDC,1,1,0,63244152112,1.085714285700000,2.098271,0.458833,365.585795,25.278653,1.085714285700000,0.8113,0.519181,295.309827,29.018235,1,1,5.29,5,1.0857142857,B,B,A,A,A,A,A,A,B,A,A,A,A,E,F,B,C,C,C,C,C,B,B,B,B,.,D,C,C,A,C,B,B,B,B,B,A,B,B,B,A,A,A,A,A,C,A,A,B,B,A,A,D,B,B,C,C,C,C,C,B,B,C,D,D,D,B,C,B,C,C,A
2023,3,31,6324415,2,61432986,1,1,1691682,12,52309440,1,0,0,0,0,21,7,3,21,7,3,.............,.............,.............,.............,0,0,0,63244152112,,,,,,,,,,,0,0,,1,,.,.,.,.,.,.,.,.,.,.,.,.,.,.,.,.,.,.,.,.,.,.,.,.,.,.,.,.,.,.,.,.,.,.,.,.,.,.,.,.,.,.,.,.,.,.,.,.,.,.,.,.,.,.,.,.,.,.,.,.,.,.,.,.,.,.,.,.,.,.,.,.
2023,3,31,6324415,2,61432986,1,1,1691682,12,52309441,1,1,1,1,1,17,3,6,17,3,6,DDBEDEDCBCABC,EBEBCDDBDBECB,BDBDADCBCACDC,BDCEADDBBACEB,1,1,0,63244152112,1.085714285700000,1.72418,0.386926,344.975864,21.317054,1.085714285700000,1.427693,0.484537,329.761466,27.081901,1,1,4.85,4,1.0857142857,B,C,A,A,A,A,A,B,B,B,A,A,A,F,F,A,B,C,C,C,C,B,B,B,B,B,C,C,C,B,C,A,B,B,A,B,A,B,A,B,B,A,A,F,B,A,A,A,C,C,B,A,D,C,C,C,C,C,C,B,C,B,C,C,B,C,C,B,B,B,C,A
2023,3,31,6324415,2,61432986,1,1,1691682,12,52309442,1,1,1,1,1,8,1,3,8,1,3,AEDCDCCACECBC,BDBEDBDCBCABC,CBCCBDABDBDAB,DBBDCBCCDBBCB,1,1,0,63244152112,1.085714285700000,2.740369,0.524584,400.961134,28.901097,1.085714285700000,1.715085,0.282774,345.824474,15.804897,1,1,6.46,7,1.0857142857,A,C,A,C,A,A,A,C,B,B,A,A,B,E,D,A,C,C,B,C,B,B,B,B,B,D,D,B,C,C,D,B,B,B,B,B,B,B,B,B,A,A,A,A,B,A,A,A,B,C,B,A,D,A,C,C,C,C,C,B,B,C,C,B,A,A,A,D,B,B,A,A
2023,3,31,6324415,2,61432986,1,1,1691682,12,52309443,1,1,1,1,1,10,3,5,10,3,5,ADBEDBDCBCDBC,ECECBDDABDECA,ACDDEBCADADCE,AEDEDAABAECEC,1,1,0,63244152112,1.085714285700000,1.31519,0.355081,322.44323,19.562606,1.085714285700000,1.081597,0.540057,310.417355,30.185043,1,1,5.85,6,1.0857142857,B,B,A,A,A,A,A,C,B,B,.,.,B,E,E,B,C,C,B,C,B,B,B,B,B,B,D,B,D,B,D,B,B,B,B,B,A,B,B,B,A,A,A,F,A,C,A,A,C,C,B,D,D,C,C,C,C,C,C,B,B,B,B,B,C,C,C,B,B,B,C,A
2023,3,31,6324415,2,61432986,1,1,1691682,12,52309444,1,0,0,0,0,16,2,5,16,2,5,.............,.............,.............,.............,0,0,0,63244152112,,,,,,,,,,,0,0,,1,,.,.,.,.,.,.,.,.,.,.,.,.,.,.,.,.,.,.,.,.,.,.,.,.,.,.,.,.,.,.,.,.,.,.,.,.,.,.,.,.,.,.,.,.,.,.,.,.,.,.,.,.,.,.,.,.,.,.,.,.,.,.,.,.,.,.,.,.,.,.,.,.
2023,3,31,6324415,2,61432986,1,1,1691682,12,52309445,1,1,1,1,1,1,1,2,1,1,2,DADADCCDCEBEC,ADDAEABCDDABB,DACEEBABACECA,DEDCAECCCEECD,1,1,0,63244152112,1.085714285700000,-0.074546,0.480393,245878,26.466466,1.085714285700000,0.570795,0.428871,281.867442,23.970599,1,1,4.33,3,1.0857142857,A,C,A,A,A,A,A,A,B,B,B,.,.,C,B,B,B,B,B,C,A,B,B,B,B,A,C,B,B,B,C,A,B,B,B,A,A,B,B,B,A,A,A,A,B,A,A,A,B,A,C,D,C,D,C,C,C,C,C,C,C,B,B,B,B,C,C,B,B,B,D,A
2023,3,31,6324415,2,61432986,1,1,1691682,12,52309446,1,1,1,1,1,1,1,2,1,1,2,BEDCBABACCBCB,EEDECDBCBCABB,DACBEDDBACEEA,ABDCBAACCEECD,1,1,0,63244152112,1.085714285700000,0.663431,0.333469,286.535635,18.371929,1.085714285700000,1.125948,0.335521,312.896236,18.75305,1,1,4.95,4,1.0857142857,A,C,A,C,A,A,A,C,B,A,A,A,B,E,F,B,C,B,C,C,C,B,B,B,B,B,D,B,B,B,D,A,B,A,B,A,A,B,B,B,A,A,A,A,B,A,A,A,B,A,C,A,D,B,B,C,D,C,C,B,C,B,B,B,B,B,C,B,B,C,C,A
2023,3,31,6324415,2,61432986,1,1,1691682,12,52309447,1,1,1,1,1,20,6,2,20,6,2,EADBCDDBDBEBA,DEACEABCBEDEB,EAEEDABBAAEBA,ACDCBDACCEEBC,1,1,0,63244152112,1.085714285700000,1.105359,0.365377,310.882934,20.129848,1.085714285700000,0.487709,0.518395,277.223572,28.974303,1,1,5.17,5,1.0857142857,B,B,A,A,A,A,A,B,.,B,.,.,.,B,A,A,B,C,C,C,C,A,B,B,B,B,C,C,B,B,D,B,B,B,B,B,A,B,B,B,B,A,A,A,A,A,A,A,C,.,C,A,D,A,D,C,D,D,C,B,D,C,C,B,B,C,C,C,B,B,C,A
2023,3,31,6324415,2,61432986,1,1,1691682,12,52309448,1,1,1,1,1,3,3,4,3,3,4,BDEBDBDCAADBC,BABEDECADCAEB,DBEDCACDDDBDB,ACEDDEADCDCAD,1,1,0,63244152112,1.085714285700000,1.1583,0.321756,313.799632,17.72662,1.085714285700000,1.163952,0.483859,315.020368,27.044006,1,1,6.48,7,1.0857142857,B,B,A,A,A,A,A,B,B,B,A,A,A,D,C,B,C,C,B,C,C,B,B,B,C,B,D,C,D,C,D,B,B,B,B,B,B,B,B,B,A,A,A,F,A,A,A,A,C,C,B,A,D,B,C,C,C,C,C,B,C,B,C,D,C,C,C,C,D,B,A,A
2023,3,31,6324415,2,61432986,1,1,1691682,12,52312402,1,1,1,1,1,18,4,7,18,4,7,EDCEDECABCAED,CDAAAECDBBEBD,DCBBCEACAECBE,CCDCECBCADBDB,1,1,0,63244152112,1.085714285700000,0.857114,0.352893,297.206283,19.442062,1.085714285700000,0.215508,0.585834,262.009625,32.743626,1,1,5.25,5,1.0857142857,B,C,A,C,A,A,A,B,B,B,.,.,.,A,A,A,C,C,C,C,B,B,B,B,B,A,D,C,C,B,D,B,B,B,B,B,A,B,B,B,B,A,A,A,B,A,A,A,B,A,D,D,D,B,B,B,B,B,B,A,A,B,B,A,A,B,C,B,A,A,C,A
2023,3,31,6324415,2,61432986,1,1,1691682,12,52312403,1,1,1,1,1,15,1,4,15,1,4,AEDCDCBACAABD,BAAEDEBADCCEB,AAADDBAACEEAB,ACAACAACBABAC,1,1,0,63244152112,1.085714285700000,1.175441,0.339512,314.743987,18.704858,1.085714285700000,0.099865,0.665952,255.546068,37.221608,1,1,5.54,6,1.0857142857,B,C,A,A,A,A,A,C,B,B,A,A,B,D,D,B,B,C,C,C,B,B,B,B,B,B,D,B,C,B,D,B,B,B,B,B,A,B,B,B,A,A,A,A,A,A,A,A,C,A,D,A,C,C,D,C,C,C,D,C,D,B,C,B,C,D,D,B,B,C,C,A
2023,3,31,6324415,2,61432986,1,1,1691682,12,52312404,1,0,0,0,0,19,5,1,19,5,1,.............,.............,.............,.............,0,0,0,63244152112,,,,,,,,,,,0,0,,1,,.,.,.,.,.,.,.,.,.,.,.,.,.,.,.,.,.,.,.,.,.,.,.,.,.,.,.,.,.,.,.,.,.,.,.,.,.,.,.,.,.,.,.,.,.,.,.,.,.,.,.,.,.,.,.,.,.,.,.,.,.,.,.,.,.,.,.,.,.,.,.,.
2023,3,31,6324415,2,61432986,1,1,1691682,12,52312405,1,1,1,1,1,11,4,6,11,4,6,EABEDECADCAED,EAEBCDCBDCDEA,DDAADEACDECEC,CBCEADAABDBDE,1,1,0,63244152112,1.085714285700000,1.308814,0.37074,322.091955,20.425313,1.085714285700000,1.055258,0.415253,308.945207,23.209457,1,1,4.74,4,1.0857142857,B,B,A,B,A,A,A,B,B,B,A,A,A,B,B,A,B,B,B,C,C,B,B,B,B,B,C,B,B,B,D,A,B,A,A,B,B,A,B,B,A,A,A,B,B,A,A,A,B,A,C,D,C,B,C,C,C,C,C,B,A,D,D,C,B,B,B,C,B,B,D,A
2023,3,31,6324415,2,61432986,1,1,1691682,12,52312406,1,1,1,1,1,9,2,4,9,2,4,EEAECADCBCCBB,BACEDBCADCACB,CBDCBCBCCECBB,BECBBBABCECCA,1,1,0,63244152112,1.085714285700000,1.681771,0.395707,342.63941,21.800829,1.085714285700000,0.899367,0.44369,300.232096,24.798867,1,1,4.21,3,1.0857142857,B,C,A,A,A,A,A,D,B,B,A,A,B,E,F,B,C,C,C,C,C,B,B,B,B,B,C,B,B,B,D,A,B,A,B,A,A,A,A,A,A,A,A,F,B,A,A,A,C,C,B,B,C,A,C,C,C,C,C,B,B,B,C,B,B,B,B,C,B,B,C,A
2023,3,31,6324415,2,61432986,1,1,1691682,12,52312407,1,1,1,1,1,17,3,6,17,3,6,BDBEDBDBBCACE,EBECCADBDBEDB,AABCCDDBCBABC,ABCEEDDABEECC,1,1,0,63244152112,1.085714285700000,1.59519,0.38019,337.869371,20.945946,1.085714285700000,1.332486,0.627801,324.440125,35.089259,1,1,5.49,5,1.0857142857,A,B,A,A,A,A,A,C,B,B,A,A,B,E,B,B,C,C,C,C,C,B,B,B,B,B,D,C,B,B,D,A,B,B,B,B,B,B,B,B,B,A,A,B,B,A,A,A,C,A,B,A,D,B,D,C,C,C,C,B,D,B,C,B,B,D,D,B,C,C,C,A
2023,3,31,6324415,2,61432986,1,1,1691682,12,52312408,1,1,1,1,1,5,5,6,5,5,6,DAACBBABADCCA,ECEBDBDBDCECA,BEDDADCBAEBBE,CADECCBABACBA,1,1,0,63244152112,1.085714285700000,0.587999,0.369506,282.379832,20.357328,1.085714285700000,-0.025176,0.652168,248.557236,36.451188,1,1,5.68,6,1.0857142857,A,B,A,B,.,.,.,C,B,B,.,.,B,F,F,B,B,C,C,C,A,B,B,B,B,B,D,D,B,C,D,B,B,B,B,B,A,B,A,B,B,.,.,B,C,A,C,A,A,A,D,.,B,C,B,C,C,C,C,B,C,B,B,A,A,A,A,A,A,A,D,A
2023,3,31,6324415,2,61432986,1,1,1691682,12,52312409,1,1,1,1,1,5,5,6,5,5,6,DBBCADDBCDCCD,EBEBCCDBDBECA,DDDCEAADDECDC,BACEAABABAAED,1,1,0,63244152112,1.085714285700000,1.327372,0.380998,323.114377,20.990461,1.085714285700000,0.806025,0.475889,295.014995,26.598544,1,1,3.96,2,1.0857142857,B,B,A,C,A,A,A,C,B,B,A,A,B,B,D,C,B,C,C,C,C,B,B,B,B,A,C,B,B,A,D,A,B,B,A,A,A,A,B,B,B,A,A,A,B,A,A,A,D,C,D,D,C,B,B,C,C,C,C,B,A,A,A,B,B,C,C,B,B,B,C,A
2023,3,31,6324415,2,61432986,1,1,1691682,12,52312410,1,0,0,0,0,6,6,7,6,6,7,.............,.............,.............,.............,0,0,0,63244152112,,,,,,,,,,,0,0,,1,,.,.,.,.,.,.,.,.,.,.,.,.,.,.,.,.,.,.,.,.,.,.,.,.,.,.,.,.,.,.,.,.,.,.,.,.,.,.,.,.,.,.,.,.,.,.,.,.,.,.,.,.,.,.,.,.,.,.,.,.,.,.,.,.,.,.,.,.,.,.,.,.
2023,3,31,6324415,2,61432986,1,1,1723142,12,52279158,1,0,0,0,0,8,1,3,8,1,3,.............,.............,.............,.............,0,0,0,63244152112,,,,,,,,,,,0,0,,1,,.,.,.,.,.,.,.,.,.,.,.,.,.,.,.,.,.,.,.,.,.,.,.,.,.,.,.,.,.,.,.,.,.,.,.,.,.,.,.,.,.,.,.,.,.,.,.,.,.,.,.,.,.,.,.,.,.,.,.,.,.,.,.,.,.,.,.,.,.,.,.,.
2023,3,31,6324415,2,61432986,1,1,1723142,12,52279159,1,1,1,1,1,6,6,7,6,6,7,EEEBCBDBABECE,CDAAABDBCADED,BDCECBBABADCA,EDADCCCDACEAA,1,1,0,63244152112,1.151515151500000,0.954582,0.379092,302.576122,20.885453,1.151515151500000,0.550882,0.468152,280.754458,26.166105,1,1,4.78,4,1.4074074074,A,C,A,A,A,A,A,C,B,B,B,A,A,B,B,B,A,C,C,C,B,B,B,B,C,B,D,C,B,A,D,B,B,B,B,B,A,B,A,A,A,A,A,B,B,A,A,A,C,B,D,D,D,B,A,B,C,C,C,B,A,B,C,D,C,B,B,B,B,B,C,A
2023,3,31,6324415,2,61432986,1,1,1723142,12,52279160,1,1,1,1,1,14,7,2,14,7,2,CDCAABBBDBDCA,DEADCEBCBDCDB,EDBDECCDBDBEE,ADDCBABCCBECC,1,1,0,63244152112,1.151515151500000,0.740237,0.385445,290.767136,21.235461,1.151515151500000,0.925899,0.450745,301.715032,25.193187,1,1,3.99,2,1.4074074074,B,C,A,C,A,A,A,B,B,B,A,A,A,D,D,B,C,C,C,C,C,B,B,B,B,A,C,C,B,A,D,A,B,B,A,A,A,A,B,A,B,A,A,A,B,A,A,A,B,A,C,D,B,A,B,C,C,.,B,B,B,B,B,B,B,C,B,B,A,A,C,A
2023,3,31,6324415,2,61432986,1,1,1723142,12,52279161,1,1,1,1,1,16,2,5,16,2,5,CEBDCEBCBCBAB,EAECABDBBDEAA,EDDCDCACCBDDC,ADDDBEACDDACC,1,1,0,63244152112,1.151515151500000,0.7004,0.367547,288.572381,20.2494,1.151515151500000,0.157212,0.457311,258.751326,25.560176,1,1,5.19,5,1.4074074074,B,B,A,C,A,A,A,B,B,B,A,A,A,C,B,A,B,C,C,C,B,B,B,B,B,B,C,C,C,A,D,B,B,B,B,B,A,B,B,B,A,A,A,B,B,A,A,A,B,A,C,A,D,C,C,C,C,C,D,C,D,C,C,B,C,B,C,C,C,C,.,.
2023,3,31,6324415,2,61432986,1,1,1723142,12,52279162,1,1,1,1,1,18,4,7,18,4,7,EBBEDECADBAED,CDAAABBDDADAA,BDAADEACBADCC,DCBCBCDBBEADA,1,1,0,63244152112,1.151515151500000,0.994185,0.361549,304.757985,19.91895,1.151515151500000,1.14295,0.615064,313.846517,34.377359,1,1,5.54,6,1.4074074074,B,B,A,C,A,A,A,C,B,B,A,A,B,D,D,B,C,C,C,C,C,B,B,B,B,B,D,B,C,B,D,B,B,A,B,B,A,B,B,B,A,A,A,C,A,A,A,A,B,A,B,D,D,B,B,C,C,C,C,C,B,B,B,A,B,B,C,B,B,B,C,A
2023,3,31,6324415,2,61432986,1,1,1723142,12,52279163,1,1,1,1,1,13,6,1,13,6,1,EDECEADBDCECA,BEBCBACDCCBBA,CDCEBBDACAECD,DDBDECCCADEAC,1,1,0,63244152112,1.151515151500000,0.460047,0.342588,275.330526,18.874325,1.151515151500000,0.092873,0.56535,255.155269,31.598728,1,1,5.89,6,1.4074074074,B,B,A,C,A,A,A,B,A,A,B,A,B,F,B,A,A,C,C,C,B,B,B,B,B,C,D,B,C,D,D,B,B,B,B,B,A,B,B,B,A,A,A,A,B,A,A,A,C,B,C,D,D,B,A,A,A,B,B,C,C,C,C,B,D,D,B,A,A,B,C,A
2023,3,31,6324415,2,61432986,1,1,1723142,12,52279242,1,1,1,1,1,19,5,1,19,5,1,DABBACDAACDAD,CEDCDBDACACBB,BBDCBABCACACC,DACBBDABADBEA,1,1,0,63244152112,1.151515151500000,0.217277,0.362928,261.955511,19.994924,1.151515151500000,1.141764,0.371023,313.780229,20.737339,1,1,4.59,4,1.4074074074,A,B,A,B,A,A,A,C,B,B,A,A,B,B,A,B,B,C,B,C,C,B,B,B,B,B,C,B,B,B,D,A,B,A,B,A,A,B,B,B,A,A,A,B,B,A,A,A,B,D,C,D,D,A,B,C,B,C,C,C,B,B,C,B,C,B,B,B,B,B,C,A
2023,3,31,6324415,2,61432986,1,1,1723142,12,52279243,1,1,1,1,1,10,3,5,10,3,5,BDEBDADBBADBC,BBEBADDBCAAED,ACDBCECABBACD,BCDCBAACDECCC,1,1,0,63244152112,1.151515151500000,0.059935,0.423008,253.287011,23.304933,1.151515151500000,0.568261,0.676263,281.725811,37.797913,1,1,5.35,5,1.4074074074,A,B,A,C,.,B,B,A,.,.,B,.,.,F,F,.,B,.,.,.,.,.,B,B,C,B,D,C,C,A,C,B,B,B,B,B,A,B,B,B,A,A,A,A,C,C,A,A,C,A,C,A,D,D,C,D,C,C,C,C,B,B,B,B,C,D,B,B,A,B,C,A
2023,3,31,6324415,2,61432986,1,1,1723142,12,52279244,1,1,1,1,1,5,5,6,5,5,6,EAADADDADCECA,ECEACCDBDCECA,ADDCAECCAECCB,CBCDEACABACBA,1,1,0,63244152112,1.151515151500000,1.128114,0.377797,312.136584,20.814107,1.151515151500000,-0.169651,0.630629,240.482192,35.247323,1,1,5.08,5,1.4074074074,B,C,A,A,A,A,A,D,B,A,A,A,B,B,D,B,C,C,B,C,C,B,B,B,C,B,D,C,B,A,D,A,B,A,B,B,A,B,B,B,B,A,A,A,C,A,A,A,B,A,C,D,D,A,B,C,C,C,C,B,C,B,B,B,B,C,B,B,B,C,C,A
2023,3,31,6324415,2,61432986,1,1,1723142,12,52279245,1,0,0,0,0,20,6,2,20,6,2,.............,.............,.............,.............,0,0,0,63244152112,,,,,,,,,,,0,0,,1,,.,.,.,.,.,.,.,.,.,.,.,.,.,.,.,.,.,.,.,.,.,.,.,.,.,.,.,.,.,.,.,.,.,.,.,.,.,.,.,.,.,.,.,.,.,.,.,.,.,.,.,.,.,.,.,.,.,.,.,.,.,.,.,.,.,.,.,.,.,.,.,.
2023,3,31,6324415,2,61432986,1,1,1723142,12,52279246,1,0,0,0,0,21,7,3,21,7,3,.............,.............,.............,.............,0,0,0,63244152112,,,,,,,,,,,1,1,5.11,5,1.4074074074,B,C,A,C,A,A,A,A,B,A,A,A,A,F,F,B,C,C,C,C,B,B,B,B,B,B,C,C,B,A,D,B,B,B,B,B,A,B,B,B,A,A,A,F,A,A,B,A,C,C,B,B,D,C,C,D,C,D,D,B,D,B,D,D,C,D,D,C,B,C,A,A
2023,3,31,6324415,2,61432986,1,1,1723142,12,52280450,1,1,1,1,1,9,2,4,9,2,4,EEEDCABCBCDBB,BAAEDECADBAED,AADDCBACCECBB,DDEEDBABBEBBD,1,1,0,63244152112,1.151515151500000,1.440972,0.359939,329.372983,19.83025,1.151515151500000,0.787975,0.416705,294.006138,23.290612,1,0,,1,,B,C,A,C,B,A,A,A,B,A,A,A,A,.,.,.,.,.,.,.,.,.,.,.,.,.,.,.,.,.,.,.,.,.,.,.,.,.,.,.,.,.,.,.,.,.,.,.,.,.,.,.,.,.,.,.,.,.,.,.,.,.,.,.,.,.,.,.,.,.,.,.
2023,3,31,6324415,2,61432986,1,1,1723142,12,52280451,1,1,1,1,1,3,3,4,3,3,4,BDAEDEDCBABBC,BABEEECAACABD,CBAAACBBACDCA,CBEBBACADBDBC,1,1,0,63244152112,1.151515151500000,1.002657,0.314956,305.224736,17.351985,1.151515151500000,-0.766088,0.715738,207.145939,40.004263,1,0,,1,,B,C,A,A,A,A,A,B,A,B,A,A,B,F,F,A,A,A,A,C,B,B,B,B,.,.,.,.,.,.,.,.,.,.,.,A,.,.,.,.,.,.,.,.,.,.,.,.,.,.,.,.,.,B,A,B,B,C,C,B,B,B,B,B,B,C,C,B,B,B,C,A
2023,3,31,6324415,2,61432986,1,1,1723142,12,52280452,1,1,1,1,1,13,6,1,13,6,1,EAEBCBDBDBECA,AEDCDCCACECBB,DBBEBEBCBABCD,CCCDECDBADAEA,1,1,0,63244152112,1.151515151500000,2.175143,0.421795,369.820932,23.238105,1.151515151500000,0.998565,0.492238,305.776503,27.512328,1,1,3.53,2,1.4074074074,B,B,A,C,A,A,A,B,B,B,A,A,A,B,A,C,C,C,C,C,C,B,B,B,B,A,C,B,B,A,C,A,B,B,B,A,A,B,A,A,B,A,A,D,A,A,A,A,D,A,C,D,C,A,B,C,C,C,B,A,A,A,B,B,A,C,B,B,A,A,C,A
2023,3,31,6324415,2,61432986,1,1,1723142,12,52280453,1,1,1,1,1,10,3,5,10,3,5,DCDBDEDCDAEBE,CCCDAADABDBCD,BBEDCECDCADDC,EDDACCCCAECCC,1,1,0,63244152112,1.151515151500000,-0.176795,0.395635,240.244759,21.796863,1.151515151500000,-0.176337,0.719515,240.108496,40.215368,1,1,4.67,4,1.4074074074,B,D,A,C,A,A,A,C,B,A,A,A,B,B,F,C,B,C,C,C,B,B,B,B,B,A,C,B,B,A,D,B,B,A,B,B,A,B,B,B,B,A,A,D,B,A,C,A,C,A,D,D,C,A,B,C,C,B,A,A,A,B,A,B,B,C,B,A,B,A,C,A
2023,3,31,6324415,2,61432986,1,1,1723142,12,52280454,1,1,1,1,1,12,5,7,12,5,7,EAAAABCADDDCB,DDBAABDCBAAAB,CBDABAABDDBBC,BAACEACABBBCA,1,1,0,63244152112,1.151515151500000,-0.111467,0.408694,243.843898,22.516327,1.151515151500000,0.092366,0.550678,255.126932,30.778675,1,1,5.66,6,1.4074074074,B,C,A,A,A,A,A,E,B,B,A,B,B,D,F,A,B,A,A,C,B,B,B,B,B,B,D,C,C,B,D,B,B,B,B,B,A,B,B,B,A,A,A,A,A,A,A,A,A,D,B,B,D,C,D,D,D,D,D,C,D,B,C,D,C,C,C,C,B,C,C,A
2023,3,31,6324415,2,61432986,1,1,1723142,12,52280455,1,1,1,1,1,4,4,5,4,4,5,BADEBACADCAEB,EABACCDABDEAD,EDCABEADBADCB,AEDCBAAAADDEE,1,1,0,63244152112,1.151515151500000,0.493699,0.340418,277.184528,18.754772,1.151515151500000,1.563142,0.350062,337.332026,19.56578,1,1,4.23,3,1.4074074074,B,C,A,A,A,A,A,B,B,A,A,A,B,F,.,A,A,B,B,C,A,B,B,B,B,A,C,C,B,B,C,A,B,A,A,B,A,B,A,A,A,A,A,A,A,A,A,B,C,C,B,B,C,C,D,C,C,C,D,C,C,B,B,C,B,C,C,A,B,A,C,A
2023,3,31,6324415,2,61432986,1,1,1723142,12,52280456,1,1,1,1,1,15,1,4,15,1,4,EEDECCBDCABBC,BAAEDECCDBAED,DBEDCCABBAECB,EDCABDCCBEAAC,1,1,0,63244152112,1.151515151500000,0.627125,0.322714,284.535415,17.779399,1.151515151500000,0.087132,0.751727,254.834391,42.015772,1,1,4.4,3,1.4074074074,B,C,A,C,A,A,A,B,A,A,A,A,B,D,D,B,C,B,A,C,B,B,B,B,B,A,C,B,B,A,C,B,B,A,A,B,A,B,A,B,A,A,A,F,B,A,A,A,B,A,D,A,C,B,B,A,B,.,A,A,A,A,C,B,C,C,C,B,B,B,B,A
2023,3,31,6324415,2,61432986,1,1,1723142,12,52280457,1,0,0,0,0,8,1,3,8,1,3,.............,.............,.............,.............,0,0,0,63244152112,,,,,,,,,,,0,0,,1,,.,.,.,.,.,.,.,.,.,.,.,.,.,.,.,.,.,.,.,.,.,.,.,.,.,.,.,.,.,.,.,.,.,.,.,.,.,.,.,.,.,.,.,.,.,.,.,.,.,.,.,.,.,.,.,.,.,.,.,.,.,.,.,.,.,.,.,.,.,.,.,.
2023,3,31,6324415,2,61432986,1,1,1723142,12,52280458,1,1,1,1,1,15,1,4,15,1,4,AEDCDCBACAABE,BBBEDECADCAED,DBCCBDAADEEAB,BCEABBAABDEAE,1,1,0,63244152112,1.151515151500000,1.352931,0.348678,324.522508,19.209844,1.151515151500000,0.748176,0.522376,291.781679,29.196811,1,1,3.43,2,1.4074074074,B,E,A,A,A,A,A,B,B,B,A,A,A,A,B,A,B,C,B,C,C,B,B,B,B,A,C,A,C,A,C,A,A,B,A,A,A,A,A,B,A,A,A,A,A,A,C,B,C,A,D,A,B,A,B,C,C,C,D,B,C,A,B,B,C,B,B,B,B,B,D,A
2023,3,31,6324415,2,61432986,1,1,1723142,12,52280459,1,0,0,0,0,4,4,5,4,4,5,.............,.............,.............,.............,0,0,0,63244152112,,,,,,,,,,,0,0,,1,,.,.,.,.,.,.,.,.,.,.,.,.,.,.,.,.,.,.,.,.,.,.,.,.,.,.,.,.,.,.,.,.,.,.,.,.,.,.,.,.,.,.,.,.,.,.,.,.,.,.,.,.,.,.,.,.,.,.,.,.,.,.,.,.,.,.,.,.,.,.,.,.
2023,3,31,6324415,2,61432986,1,1,1723142,12,52280460,1,1,1,1,1,1,1,2,1,1,2,AEDCCAB*CECBB,CEAEBABCBCBAB,CBEDDAABDDEAC,ACDEBDBCCCDCD,1,1,0,63244152112,1.151515151500000,0.766234,0.374048,292.199398,20.607562,1.151515151500000,1.094795,0.482286,311.155022,26.956087,1,1,5.53,6,1.4074074074,A,C,A,C,A,A,A,D,B,.,B,.,B,D,F,B,B,C,C,C,C,B,B,B,B,B,D,D,C,B,D,B,B,B,B,B,A,B,B,A,A,A,A,A,A,A,A,A,C,C,C,A,D,B,D,C,C,C,C,C,C,B,B,B,B,B,B,B,B,B,C,A
2023,3,31,6324415,2,61432986,1,1,1723142,12,52280461,1,1,1,1,1,20,6,2,20,6,2,EEEBCDABDBECD,AEEEDABBBCBBB,EACEBABABDEAA,BEDCDAACCABAA,1,1,0,63244152112,1.151515151500000,0.957467,0.365517,302.735067,20.137561,1.151515151500000,0.67165,0.405231,287.504463,22.649304,1,0,,1,,B,B,A,B,A,A,A,B,B,A,A,A,B,E,D,B,C,C,C,C,A,B,B,B,.,.,.,.,.,.,.,.,.,.,.,.,.,.,.,.,.,.,.,.,.,.,.,.,.,.,.,.,.,B,C,C,C,C,C,B,A,B,D,D,B,D,B,.,B,A,C,A
2023,3,31,6324415,2,61432986,1,1,1723142,12,52280462,1,0,0,0,0,14,7,2,14,7,2,.............,.............,.............,.............,0,0,0,63244152112,,,,,,,,,,,0,0,,1,,.,.,.,.,.,.,.,.,.,.,.,.,.,.,.,.,.,.,.,.,.,.,.,.,.,.,.,.,.,.,.,.,.,.,.,.,.,.,.,.,.,.,.,.,.,.,.,.,.,.,.,.,.,.,.,.,.,.,.,.,.,.,.,.,.,.,.,.,.,.,.,.
2023,3,31,6324415,2,61432986,1,1,1723142,12,52280463,1,1,1,1,1,5,5,6,5,5,6,EABCADDBBDECA,EBECCCDBABECA,ABDDCABDDEDBB,AAAEBBDADBACB,1,1,0,63244152112,1.151515151500000,1.741332,0.4049,345.920826,22.307303,1.151515151500000,0.409405,0.676582,272.84698,37.815743,1,1,5.38,5,1.4074074074,A,C,A,C,A,A,A,B,B,B,A,A,A,D,D,A,C,C,C,C,B,B,B,B,B,B,C,C,B,B,D,B,B,B,B,B,B,B,B,A,A,A,A,A,B,A,A,A,C,D,D,D,D,B,B,B,B,A,A,A,A,B,B,A,A,A,A,C,A,A,B,A
2023,3,31,6324415,2,61432986,1,1,1723142,12,52280528,1,1,1,1,1,11,4,6,11,4,6,BABEDECADCADB,ECEBCCDBACDBA,BDDECBCCCEBAD,AACEDCBBBCCCC,1,1,0,63244152112,1.151515151500000,1.307062,0.385054,321.995431,21.21392,1.151515151500000,0.204648,0.559613,261.402634,31.278073,1,1,5.28,5,1.4074074074,A,B,A,A,A,A,A,C,B,B,A,A,B,E,B,A,B,C,B,C,C,B,B,B,B,B,B,C,C,B,D,A,B,B,B,B,A,B,B,B,A,A,A,A,B,A,A,A,B,A,B,C,D,A,B,C,B,C,*,B,B,A,B,A,A,B,B,B,A,B,C,A
2023,3,31,6324415,2,61432986,1,1,1723142,12,52280529,1,1,1,1,1,7,7,1,7,7,1,CDAAABBDDCDEB,BEECDCCACAEBE,ECEDECCDCBABA,CADAABACADEAC,1,1,0,63244152112,1.151515151500000,0.990912,0.35698,304.577664,19.667229,1.151515151500000,0.301831,0.511746,266.834418,28.602675,1,1,4.5,4,1.4074074074,B,B,A,C,A,A,A,D,A,A,B,A,B,B,A,A,B,C,C,C,B,B,B,B,B,A,C,B,B,B,D,A,B,A,A,B,A,B,B,B,B,A,A,A,B,A,A,A,B,A,D,D,D,C,C,C,B,C,C,B,B,B,B,B,B,B,B,B,B,B,C,A
2023,3,31,6324415,2,61432986,1,1,1723142,12,52280530,1,1,1,1,1,11,4,6,11,4,6,BDBEDECADDAAB,EACBCDABDBADB,CDAADCACDDBDD,ABCECBCAAACEB,1,1,0,63244152112,1.151515151500000,0.73975,0.33354,290.740305,18.37584,1.151515151500000,0.380933,0.543456,271.255613,30.375021,1,1,5.88,6,1.4074074074,A,B,A,C,A,A,A,B,A,B,A,A,B,D,D,B,A,C,C,C,B,B,B,B,B,C,D,C,C,B,D,B,B,B,B,B,A,B,B,B,A,A,A,A,A,A,A,A,C,D,B,A,D,A,A,B,C,C,C,C,D,B,B,A,A,A,B,B,A,A,C,A
2023,3,31,6324415,2,61432986,1,1,1723142,12,52280531,1,1,1,1,1,19,5,1,19,5,1,EAACACDBBCBCA,BEDCDECACECDB,AEDABAACCEDBD,DDBCEEABACECA,1,1,0,63244152112,1.151515151500000,1.201277,0.335393,316.16738,18.477928,1.151515151500000,0.508613,0.55777,278.391946,31.175064,1,1,4.02,3,1.4074074074,B,B,A,B,A,A,A,D,B,B,B,A,B,D,D,B,B,A,A,C,B,B,B,B,B,B,C,A,B,A,D,A,B,A,A,A,A,A,B,A,.,A,A,A,B,A,A,A,B,A,D,C,D,B,C,C,C,D,*,C,B,C,D,C,C,C,C,B,D,C,B,A
2023,3,31,6324415,2,61432986,1,1,1723142,12,52280532,1,0,0,0,0,9,2,4,9,2,4,.............,.............,.............,.............,0,0,0,63244152112,,,,,,,,,,,0,0,,1,,.,.,.,.,.,.,.,.,.,.,.,.,.,.,.,.,.,.,.,.,.,.,.,.,.,.,.,.,.,.,.,.,.,.,.,.,.,.,.,.,.,.,.,.,.,.,.,.,.,.,.,.,.,.,.,.,.,.,.,.,.,.,.,.,.,.,.,.,.,.,.,.
2023,3,31,6324415,2,61432986,1,1,1723142,12,52280533,1,1,1,1,1,16,2,5,16,2,5,DDCEBCBCBAABB,DABDAADBCDECA,CDDCBBACCEEBB,BDDCBABCDCDDC,1,1,0,63244152112,1.151515151500000,0.792435,0.391775,293.642899,21.584202,1.151515151500000,0.86003,0.396677,298.03346,22.171201,1,1,5.26,5,1.4074074074,B,B,A,A,A,A,A,C,B,B,A,A,B,D,B,A,B,A,A,B,A,B,B,B,B,B,D,B,B,B,D,B,B,B,B,B,A,B,B,B,A,A,A,F,C,A,A,A,B,B,D,A,C,B,B,D,D,C,C,C,D,B,B,C,C,C,C,C,B,C,C,A
2023,3,31,6324415,2,61432986,1,1,1723142,12,52280534,1,1,1,1,1,2,2,3,2,2,3,CADDEEDABCCBB,BADEDEBCABEEE,ADDCBEABCDEAB,BEEAAEDBCADBB,1,1,0,63244152112,1.151515151500000,0.077136,0.404966,254.234672,22.310939,1.151515151500000,-0.202743,0.60846,238.632603,34.008246,1,1,5.43,5,1.4074074074,B,C,A,A,A,A,A,B,B,B,A,A,A,B,B,B,A,B,A,B,C,B,B,A,B,A,D,C,C,B,D,B,B,B,A,B,B,B,B,B,A,A,A,F,B,A,A,A,A,C,C,A,D,C,C,C,C,D,D,B,A,C,C,C,B,B,B,B,C,C,D,B
2023,3,31,6324415,2,61432986,1,1,1723142,12,52280535,1,1,1,1,1,7,7,1,7,7,1,CEADABBBBCDCA,ACDCDECDCEBBE,DCDCECDADABDA,ABADBADCCCDCB,1,1,0,63244152112,1.151515151500000,0.324723,0.40267,267.875072,22.184444,1.151515151500000,0.416004,0.623379,273.215813,34.842103,1,1,4.45,3,1.4074074074,B,B,A,B,A,A,A,A,B,A,A,A,A,D,F,C,C,C,C,C,C,B,B,B,B,A,C,B,B,A,C,B,B,B,B,B,A,B,A,B,B,A,A,A,A,A,A,A,C,D,D,A,C,C,D,D,C,C,C,C,D,B,C,A,D,B,B,B,A,A,C,A
2023,3,31,6324415,2,61432986,1,1,1723142,12,52280536,1,1,1,1,1,6,6,7,6,6,7,ECCCECDBDBACC,CDCAABBCBEDAB,ECCEDDDCCBADB,DDDBECCDDECDB,1,1,0,63244152112,1.151515151500000,0.448153,0.372439,274.675246,20.518917,1.151515151500000,0.693824,0.56559,288.74382,31.612142,1,0,,1,,A,B,A,A,A,A,A,B,B,B,A,A,A,D,B,B,B,C,C,C,C,B,B,B,.,.,.,.,.,.,.,.,A,.,.,.,.,.,.,.,.,.,.,.,.,.,.,.,.,.,.,.,.,C,B,B,A,B,C,B,B,C,C,B,B,B,B,C,B,B,C,A
2023,3,31,6324415,2,61432986,1,1,1723142,12,52280537,1,1,1,1,1,17,3,6,17,3,6,BCEBDAACADBBC,AEBBABBBBCEBA,CBEAEECADACBA,CDCEACCBCAEAB,1,1,0,63244152112,1.151515151500000,-0.22215,0.391509,237.745999,21.569547,1.151515151500000,0.535802,0.613172,279.911602,34.27161,1,1,4.83,4,1.4074074074,B,B,A,A,A,A,A,E,B,B,A,A,B,F,F,B,B,C,C,C,B,B,B,B,B,C,C,B,B,B,D,B,B,B,A,A,A,B,A,B,A,A,A,B,B,A,A,A,B,A,A,D,B,B,B,B,B,B,B,B,B,B,B,B,B,B,B,B,B,B,D,A
2023,3,31,6324415,2,61432986,1,1,1723142,12,52280538,1,1,1,1,1,12,5,7,12,5,7,CBBDACDBBEEAA,CDAAABDDBCDAD,BBDDAABDBEECB,CABCBCCDABDCA,1,1,0,63244152112,1.151515151500000,0.435995,0.428522,274.005421,23.608718,1.151515151500000,0.048716,0.539412,252.687232,30.148992,1,0,,1,,B,B,A,C,A,A,A,D,B,B,A,A,B,D,B,B,A,B,C,C,B,B,B,B,.,.,.,.,.,.,.,.,.,.,.,.,.,.,.,.,.,.,.,.,.,.,.,.,.,.,.,.,.,B,B,C,B,B,B,C,B,B,C,B,B,B,B,B,B,B,C,A
2023,3,31,6324415,2,61432986,1,1,1723142,12,52280539,1,0,0,0,0,21,7,3,21,7,3,.............,.............,.............,.............,0,0,0,63244152112,,,,,,,,,,,0,0,,1,,.,.,.,.,.,.,.,.,.,.,.,.,.,.,.,.,.,.,.,.,.,.,.,.,.,.,.,.,.,.,.,.,.,.,.,.,.,.,.,.,.,.,.,.,.,.,.,.,.,.,.,.,.,.,.,.,.,.,.,.,.,.,.,.,.,.,.,.,.,.,.,.
2023,3,31,6324415,2,61432986,1,1,1723142,12,52280540,1,1,1,1,1,17,3,6,17,3,6,DCBEDBDCBCDBC,EBDBEADBDBECA,BCDADECACBDCE,ECEEBDACBAECA,1,1,0,63244152112,1.151515151500000,1.22037,0.354705,317.219277,19.541891,1.151515151500000,0.052289,0.752757,252.886935,42.073341,1,0,,1,,B,B,A,A,A,A,A,B,B,B,A,A,A,B,B,B,C,C,C,C,C,B,B,B,.,.,.,.,.,.,.,.,.,.,.,.,.,.,.,.,.,.,.,.,.,.,.,.,.,.,.,.,.,A,A,B,A,B,A,A,A,B,B,A,A,A,C,C,B,A,B,A
2023,3,31,6324415,2,61432986,1,1,1723142,12,52280541,1,1,1,1,1,18,4,7,18,4,7,EABEDECAADAAC,CDAAAEDDCCDEA,ACACACACBEBAD,CCDBCCCCCBBAA,1,1,0,63244152112,1.151515151500000,0.467697,0.342371,275.751991,18.86237,1.151515151500000,0.515217,0.51136,278.761059,28.581101,1,1,4.29,3,1.4074074074,B,C,A,C,A,A,A,C,B,B,A,A,B,B,A,B,B,C,C,C,A,B,B,B,B,A,D,B,B,A,D,B,B,B,B,A,A,B,A,B,A,A,A,B,B,A,A,A,B,A,C,A,C,B,B,B,B,C,D,B,B,B,C,B,B,B,B,B,B,B,C,B
